1619103052961516800,0.32393,-0.01014,0.25684,0.67607,-0.73387,0.06029,0.02718,
1619103053161696000,0.36452,-0.01797,0.27875,0.66616,-0.74246,0.06440,0.02873,
1619103053295079680,0.39381,-0.02293,0.29017,0.65235,-0.75339,0.07556,0.03376,
1619103053461809408,0.42581,-0.03556,0.30366,0.66176,-0.74630,0.06152,0.03629,
1619103053561846272,0.44736,-0.04282,0.31053,0.67108,-0.73716,0.06849,0.03942,
1619103053661884160,0.46730,-0.04619,0.31515,0.66305,-0.74474,0.05654,0.05036,
1619103053795267072,0.48671,-0.05039,0.32082,0.66107,-0.74828,0.03393,0.04384,
1619103053961995008,0.51175,-0.05337,0.32516,0.64867,-0.75943,0.02060,0.04543,
1619103054062023168,0.52657,-0.05527,0.32643,0.64476,-0.76190,0.01581,0.05958,
1619103054262103296,0.55061,-0.05419,0.32847,0.63798,-0.76729,0.00708,0.06476,
1619103054362142720,0.56118,-0.05695,0.32973,0.64685,-0.75888,0.00280,0.07536,
1619103054462183168,0.56956,-0.05638,0.32985,0.65723,-0.74955,0.00110,0.07892,
1619103054662263040,0.58321,-0.04006,0.33317,0.66191,-0.74240,-0.00601,0.10337,
1619103054895687936,0.59177,-0.00547,0.33864,0.66770,-0.73738,-0.01840,0.10054,
1619103054962381056,0.59147,0.00575,0.33951,0.66779,-0.73910,-0.02130,0.08558,
1619103055062422784,0.59160,0.02235,0.34379,0.68358,-0.72720,-0.02341,0.05794,
1619103055162461184,0.59255,0.04182,0.34735,0.69286,-0.71911,-0.02546,0.04660,
1619103055395885312,0.58732,0.08011,0.34870,0.69341,-0.71766,-0.04196,0.04893,
1619103055662654720,0.59263,0.12761,0.35013,0.68611,-0.72318,-0.05675,0.05516,
1619103055796038912,0.60119,0.15950,0.34793,0.68238,-0.72757,-0.05143,0.04845,
1619103055962768896,0.62028,0.20540,0.34777,0.69421,-0.71535,-0.06093,0.05137,
1619103056062713600,0.63471,0.23614,0.34801,0.69607,-0.71169,-0.07277,0.06067,
1619103056196137984,0.65338,0.27602,0.34798,0.70639,-0.69984,-0.08822,0.05874,
1619103056396276480,0.67605,0.33609,0.34833,0.70415,-0.69658,-0.11215,0.07987,
1619103056462989824,0.68065,0.35335,0.34727,0.70271,-0.69585,-0.11859,0.08902,
1619103056863274496,0.69272,0.49207,0.34943,0.70162,-0.69633,-0.11652,0.09638,
1619103057096863488,0.68759,0.58563,0.35981,0.70970,-0.69006,-0.11041,0.08922,
1619103057263601664,0.67906,0.65078,0.36248,0.71348,-0.68884,-0.10277,0.07673,
1619103057497034240,0.66652,0.72688,0.36317,0.70797,-0.69438,-0.09492,0.08721,
1619103057663773184,0.65489,0.77749,0.36115,0.70686,-0.69310,-0.10359,0.09602,
1619103057763815424,0.64798,0.81228,0.35910,0.70056,-0.69678,-0.11357,0.10398,
1619103057897206016,0.64282,0.86150,0.35859,0.69838,-0.69432,-0.12213,0.12353,
1619103058030596608,0.63923,0.91367,0.35969,0.69568,-0.69133,-0.13744,0.13856,
1619103058161783808,0.63378,0.96215,0.36135,0.69369,-0.68584,-0.15744,0.15374,
1619103058262531072,0.62567,0.99846,0.35942,0.68602,-0.68393,-0.17573,0.17532,
1619103058363291136,0.61486,1.02971,0.35515,0.68047,-0.68708,-0.18552,0.17453,
1619103058497661184,0.60379,1.07447,0.35135,0.68115,-0.68962,-0.17575,0.17194,
1619103058665659392,0.58598,1.14126,0.34897,0.68406,-0.69505,-0.15859,0.15432,
1619103058766476288,0.57207,1.18209,0.34831,0.68709,-0.70057,-0.14077,0.13146,
1619103058900921600,0.55161,1.23399,0.34930,0.68829,-0.70965,-0.10547,0.10737,
1619103058968153600,0.53922,1.25764,0.34968,0.69161,-0.70876,-0.09663,0.09996,
1619103059069014016,0.52222,1.28952,0.34964,0.69662,-0.70564,-0.08936,0.09382,
1619103059203515904,0.50348,1.33318,0.34816,0.69390,-0.71078,-0.07992,0.08311,
1619103059371268864,0.48282,1.39047,0.34448,0.68963,-0.71642,-0.07379,0.07547,
1619103059572715264,0.46316,1.46767,0.34322,0.69027,-0.71533,-0.07211,0.08141,
1619103059673458176,0.45207,1.50999,0.34373,0.69158,-0.71157,-0.08316,0.09202,
1619103059807800576,0.43076,1.56581,0.34804,0.68420,-0.71264,-0.11203,0.10706,
1619103059908571392,0.41509,1.60172,0.35301,0.68658,-0.70383,-0.13288,0.12477,
1619103059975759872,0.40519,1.62365,0.35527,0.68430,-0.70012,-0.14530,0.14302,
1619103060110152704,0.37661,1.66092,0.35342,0.67714,-0.69769,-0.16687,0.16390,
1619103060177357568,0.36269,1.67579,0.35228,0.67155,-0.69607,-0.17924,0.17994,
1619103060281007104,0.33769,1.69897,0.34992,0.66663,-0.69041,-0.19807,0.19927,
1619103060380905984,0.31043,1.71881,0.34830,0.65940,-0.68606,-0.21883,0.21593,
1619103060514098944,0.27232,1.74216,0.35006,0.66165,-0.67190,-0.23148,0.23914,
1619103060580692736,0.25106,1.75157,0.35197,0.65635,-0.66894,-0.23983,0.25340,
1619103060680580864,0.21845,1.76355,0.35478,0.65079,-0.66204,-0.25395,0.27145,
1619103060780464128,0.18742,1.77338,0.35682,0.64705,-0.65408,-0.26152,0.29176,
1619103060880344064,0.15427,1.78034,0.35694,0.64304,-0.64564,-0.27426,0.30728,
1619103060980219392,0.12346,1.78505,0.35329,0.63415,-0.64176,-0.29052,0.31873,
1619103061080091648,0.09194,1.79183,0.35089,0.62595,-0.63691,-0.30805,0.32809,
1619103061213248000,0.05573,1.79970,0.34827,0.61589,-0.62838,-0.32821,0.34364,
1619103061279711488,0.03825,1.80622,0.34755,0.60947,-0.62356,-0.33829,0.35395,
1619103061379616256,0.01600,1.81779,0.34634,0.60046,-0.61680,-0.35171,0.36784,
1619103061479518464,-0.01009,1.83265,0.34627,0.59415,-0.60809,-0.36280,0.38156,
1619103061646012672,-0.04875,1.86046,0.34864,0.58420,-0.59175,-0.38833,0.39717,
1619103061812497920,-0.08472,1.88932,0.35178,0.57416,-0.57386,-0.41370,0.41216,
1619103061879088896,-0.10007,1.89827,0.35181,0.56999,-0.56574,-0.42233,0.42034,
1619103061978971904,-0.12139,1.90834,0.35068,0.55535,-0.55792,-0.43865,0.43348,
1619103062078852096,-0.14588,1.91329,0.34982,0.54418,-0.54944,-0.45241,0.44419,
1619103062212019968,-0.17874,1.91475,0.34736,0.53743,-0.53867,-0.46156,0.45603,
1619103062311723776,-0.20913,1.91237,0.34533,0.52785,-0.53120,-0.47234,0.46487,
1619103062411653888,-0.24542,1.91391,0.34380,0.51754,-0.52748,-0.48060,0.47216,
1619103062578195968,-0.30393,1.91061,0.34711,0.51474,-0.52171,-0.47974,0.48239,
1619103062778034432,-0.37122,1.89852,0.35363,0.52196,-0.51071,-0.47871,0.48741,
1619103062977859072,-0.43556,1.89452,0.35154,0.51547,-0.51180,-0.48449,0.48746,
1619103063077766912,-0.47439,1.89629,0.35081,0.50630,-0.50997,-0.49249,0.49096,
1619103063410763264,-0.59782,1.91559,0.34888,0.50992,-0.50069,-0.49443,0.49480,
1619103063577254912,-0.67162,1.93432,0.35561,0.50757,-0.48519,-0.50399,0.50295,
1619103063677145600,-0.71465,1.94240,0.35852,0.50424,-0.47576,-0.51199,0.50720,
1619103063910206720,-0.79680,1.94805,0.35999,-0.49413,0.47517,0.51509,-0.51451,
1619103064076666368,-0.86475,1.94208,0.35734,-0.48599,0.47217,0.52234,-0.51772,
1619103064309597184,-0.96337,1.91934,0.36168,0.47963,-0.48412,-0.51427,0.52067,
1619103064476087808,-1.03096,1.89454,0.36849,0.49095,-0.48699,-0.49823,0.52304,
1619103064575976448,-1.07080,1.88400,0.36674,0.49294,-0.49482,-0.49560,0.51628,
1619103064809034496,-1.18893,1.87767,0.36434,0.49069,-0.49861,-0.50009,0.51041,
1619103065208511232,-1.37850,1.88863,0.36374,0.47678,-0.49306,-0.51025,0.51886,
1619103065474763776,-1.49005,1.89892,0.36590,-0.47548,0.48543,0.52447,-0.51303,
1619103065674548992,-1.60633,1.89786,0.36585,-0.47829,0.49345,0.52024,-0.50705,
1619103065774434816,-1.64416,1.90172,0.36531,0.48332,-0.49428,-0.50917,0.51268,
1619103065874317824,-1.70884,1.89707,0.36570,0.48991,-0.49649,-0.50060,0.51272,
1619103065974195712,-1.75761,1.89678,0.36598,0.49667,-0.50195,-0.49295,0.50829,
1619103066140652032,-1.83274,1.89178,0.36799,0.50772,-0.50636,-0.48157,0.50390,
1619103066373592576,-1.93501,1.88601,0.36410,-0.49759,0.50663,0.49156,-0.50408,
1619103066573382912,-2.03391,1.88868,0.35908,0.48957,-0.50104,-0.49513,0.51393,
1619103066773156864,-2.12117,1.90503,0.35660,0.47764,-0.49646,-0.50111,0.52371,
1619103066906331136,-2.18392,1.91588,0.35680,0.47077,-0.48874,-0.51086,0.52777,
1619103067072788736,-2.25923,1.91946,0.36185,0.47187,-0.47487,-0.52424,0.52632,
1619103067372296960,-2.39199,1.91338,0.35645,-0.46913,0.47184,0.53108,-0.52463,
1619103067572092672,-2.49579,1.89717,0.36337,0.46535,-0.45843,-0.53075,0.54000,
1619103067671985408,-2.53990,1.87969,0.36654,0.44285,-0.43538,-0.54538,0.56293,
1619103068004930048,-2.67001,1.82548,0.36958,0.44328,-0.43159,-0.54961,0.56139,
1619103068104804608,-2.69873,1.80893,0.36747,0.43530,-0.42879,-0.55473,0.56473,
1619103068171385344,-2.71568,1.79706,0.36545,0.43032,-0.42349,-0.55746,0.56984,
1619103068304418304,-2.75768,1.78080,0.36397,0.42929,-0.41270,-0.56053,0.57549,
1619103068470938624,-2.81181,1.76538,0.36685,0.42332,-0.40378,-0.57172,0.57524,
1619103068570845696,-2.83953,1.76132,0.36791,0.41586,-0.39600,-0.57420,0.58356,
1619103068670749952,-2.87213,1.75609,0.36872,0.41184,-0.38502,-0.58237,0.58566,
1619103068803949568,-2.90066,1.74724,0.36701,-0.40069,0.37190,0.59330,-0.59087,
1619103068870547200,-2.91712,1.73708,0.36611,-0.38808,0.36178,0.60084,-0.59792,
1619103068970440192,-2.93279,1.72214,0.36514,0.36819,-0.34285,-0.61045,0.61176,
1619103069103625984,-2.95377,1.69713,0.36525,0.35033,-0.33656,-0.61485,0.62125,
1619103069170216448,-2.96257,1.68234,0.36507,0.34220,-0.32634,-0.61763,0.62844,
1619103069270099968,-2.97303,1.66090,0.36425,0.32970,-0.31265,-0.62581,0.63397,
1619103069367098368,-2.98351,1.64119,0.36442,0.32018,-0.30415,-0.63025,0.63856,
1619103069468093184,-2.99397,1.61841,0.36338,-0.31229,0.29463,0.63872,-0.63851,
1619103069569104896,-3.00412,1.59557,0.36470,-0.29975,0.28607,0.64521,-0.64188,
1619103069737498112,-3.01565,1.55562,0.36972,0.28323,-0.27348,-0.64595,0.65402,
1619103069872247296,-3.02463,1.52581,0.37338,0.26797,-0.26721,-0.64552,0.66340,
1619103069973329664,-3.03086,1.50454,0.37463,0.25822,-0.26088,-0.64547,0.66980,
1619103070108134144,-3.03826,1.47762,0.37464,0.24338,-0.24788,-0.65313,0.67286,
1619103070242969856,-3.04852,1.45676,0.37376,0.22741,-0.23748,-0.65842,0.67703,
1619103070381451264,-3.06072,1.43907,0.37306,0.20357,-0.21477,-0.66839,0.68241,
1619103070447982592,-3.06986,1.42978,0.37240,0.19651,-0.20414,-0.66902,0.68711,
1619103070547774464,-3.08384,1.41415,0.37200,0.17964,-0.18505,-0.67679,0.68952,
1619103070647558912,-3.09699,1.39686,0.37303,0.16603,-0.16567,-0.68097,0.69373,
1619103070714077952,-3.10608,1.38596,0.37370,0.15619,-0.15328,-0.68299,0.69687,
1619103070847107072,-3.11962,1.36988,0.37490,0.13713,-0.12484,-0.68398,0.70553,
1619103070913617408,-3.12517,1.36149,0.37453,0.12511,-0.10871,-0.68618,0.70830,
1619103071013377280,-3.13255,1.35207,0.37397,0.10429,-0.08338,-0.68707,0.71422,
1619103071113129472,-3.13776,1.34123,0.37340,0.08633,-0.06317,-0.69053,0.71535,
1619103071212875520,-3.13882,1.33147,0.37188,0.07171,-0.04535,-0.69392,0.71503,
1619103071312613632,-3.13892,1.31711,0.36935,0.05942,-0.02769,-0.70133,0.70981,
1619103071379076608,-3.13892,1.30486,0.36812,0.04926,-0.02223,-0.70178,0.71035,
1619103071478763264,-3.13752,1.28482,0.36656,0.03733,-0.01144,-0.70314,0.70997,
1619103071611664640,-3.13256,1.25110,0.36353,-0.02295,-0.00168,0.70763,-0.70621,
1619103071810985728,-3.12458,1.18825,0.36609,-0.00210,0.00068,0.71133,-0.70285,
1619103072109899008,-3.10703,1.09227,0.37054,0.00396,-0.01345,-0.70576,0.70831,
1619103072275927040,-3.10686,1.03343,0.36795,-0.00179,0.01709,0.71181,-0.70216,
1619103072542736640,-3.11565,0.93109,0.36051,-0.00082,0.00552,0.71885,-0.69514,
1619103072742323456,-3.13408,0.85139,0.36489,0.00788,0.00002,0.71847,-0.69552,
1619103072908626176,-3.15364,0.78418,0.36597,0.01444,-0.00738,0.71453,-0.69941,
1619103073207927296,-3.17812,0.68180,0.36292,0.02662,-0.01604,0.71358,-0.69988,
1619103073540366848,-3.18192,0.53719,0.36326,0.03333,-0.02624,0.71188,-0.70102,
1619103073806449920,-3.18620,0.39168,0.37131,-0.04044,0.01233,-0.70310,0.70983,
1619103073972726272,-3.18996,0.28927,0.37414,-0.03122,0.00680,-0.70381,0.70967,
1619103074205482240,-3.19429,0.18131,0.37081,0.04139,-0.01061,0.70961,-0.70330,
1619103074437314304,-3.20912,0.06201,0.36373,0.03436,-0.00487,0.70727,-0.70609,
1619103074537491712,-3.21528,0.01489,0.36719,0.04132,-0.01612,0.70853,-0.70429,
1619103074637677312,-3.22311,-0.04141,0.37207,-0.03426,0.01993,-0.70221,0.71086,
1619103074904885248,-3.23970,-0.18467,0.37440,-0.03866,0.02989,-0.70361,0.70890,
1619103075305820160,-3.23330,-0.38285,0.37516,-0.03928,0.02856,-0.70074,0.71177,
1619103075506358272,-3.22270,-0.47523,0.37936,-0.03068,0.01880,-0.70282,0.71046,
1619103075673469440,-3.21900,-0.55399,0.38024,-0.02280,0.00535,-0.70182,0.71197,
1619103075773750784,-3.21729,-0.61065,0.37571,0.02301,-0.00082,0.70855,-0.70528,
1619103076007787264,-3.22262,-0.72785,0.36381,0.02415,-0.00565,0.71140,-0.70235,
1619103076174993408,-3.23518,-0.83105,0.36271,0.02973,-0.01637,0.70736,-0.70604,
1619103076443428352,-3.25844,-0.98384,0.37466,-0.04046,0.02406,-0.70466,0.70798,
1619103076643309568,-3.26481,-1.08421,0.37190,0.04755,-0.03218,0.70971,-0.70215,
1619103076909800192,-3.25824,-1.22797,0.36706,0.04216,-0.03128,0.71363,-0.69855,
1619103077109654784,-3.23892,-1.35182,0.37471,0.02657,-0.01930,0.71118,-0.70224,
1619103077209578240,-3.23437,-1.40261,0.37797,0.01805,-0.00501,0.70787,-0.70609,
1619103077309497856,-3.23131,-1.45700,0.37523,0.01398,0.00303,0.71272,-0.70130,
1619103077475995648,-3.22701,-1.55988,0.36641,0.00336,0.00665,0.72408,-0.68968,
1619103077675864064,-3.22707,-1.68138,0.35680,0.01411,-0.00507,0.72319,-0.69048,
1619103077775793664,-3.22825,-1.74223,0.35724,0.01752,-0.01275,0.71088,-0.70298,
1619103077975644160,-3.24076,-1.86609,0.36692,-0.03474,0.01800,-0.69934,0.71372,
1619103078108870912,-3.24515,-1.93705,0.37063,-0.08306,0.03528,-0.69346,0.71482,
1619103078242092800,-3.23618,-2.00232,0.36750,-0.05518,0.03741,-0.70264,0.70842,
1619103078375192064,-3.23095,-2.07360,0.36503,-0.04659,0.02678,-0.70125,0.71089,
1619103078541778944,-3.21715,-2.16818,0.36584,-0.03796,0.01680,-0.70274,0.71023,
1619103078641727232,-3.20643,-2.22410,0.36647,-0.01899,0.00620,-0.70072,0.71316,
1619103078741674496,-3.19675,-2.27620,0.36898,-0.00106,-0.00113,-0.69963,0.71450,
1619103078808304384,-3.19032,-2.30747,0.36776,0.01416,-0.00660,-0.70399,0.71004,
1619103078908246272,-3.18825,-2.36072,0.36600,-0.01060,0.00988,0.71603,-0.69792,
1619103079108124416,-3.18724,-2.44357,0.35915,-0.02103,0.01254,0.71769,-0.69594,
1619103079241371648,-3.19008,-2.53230,0.35460,-0.01703,-0.00282,0.71722,-0.69664,
1619103079441219072,-3.20151,-2.65242,0.36198,0.01230,0.00690,-0.70075,0.71327,
1619103079707709440,-3.20493,-2.79282,0.36952,0.01317,0.01636,-0.69761,0.71617,
1619103079874256128,-3.20654,-2.88478,0.36504,0.00639,0.01637,-0.70438,0.70960,
1619103080107406080,-3.18846,-3.01072,0.36543,-0.00491,0.00413,-0.70522,0.70896,
1619103080273933312,-3.17181,-3.10752,0.36923,0.00675,-0.01118,-0.70232,0.71174,
1619103080473743104,-3.15512,-3.21145,0.36978,-0.00713,0.01196,0.70860,-0.70547,
1619103080640237056,-3.14897,-3.30519,0.36269,-0.00837,0.01516,0.71530,-0.69860,
1619103080906605056,-3.16027,-3.47185,0.35230,0.00078,0.00714,0.71284,-0.70129,
1619103081106362368,-3.16994,-3.59783,0.35511,0.00819,-0.00174,-0.70658,0.70758,
1619103081206235392,-3.17545,-3.65689,0.35749,0.00366,-0.00511,0.71146,-0.70270,
1619103081539477760,-3.16287,-3.85142,0.34360,-0.00030,-0.00615,0.71908,-0.69490,
1619103081805960960,-3.13374,-4.03144,0.35041,0.00318,0.00249,0.71909,-0.69491,
1619103082005809664,-3.11631,-4.15300,0.35513,-0.00507,0.01345,0.72113,-0.69265,
1619103082172340480,-3.10752,-4.24984,0.35051,-0.00122,0.01475,0.72687,-0.68661,
1619103082338782976,-3.10324,-4.35818,0.34185,0.00156,0.00615,0.72551,-0.68818,
1619103082472032000,-3.10386,-4.44607,0.34451,0.01478,-0.00286,0.71995,-0.69386,
1619103082571964416,-3.10403,-4.51371,0.35308,0.01289,0.00238,0.71235,-0.70170,
1619103082738513408,-3.10046,-4.61236,0.35368,0.01215,0.00038,0.71857,-0.69535,
1619103082905052928,-3.09163,-4.70806,0.34694,0.01074,-0.00998,0.72247,-0.69124,
1619103083138195456,-3.05737,-4.84956,0.34658,0.00375,-0.00721,0.71814,-0.69585,
1619103083404537344,-3.01136,-5.01527,0.35020,-0.00564,0.00015,0.72201,-0.69186,
1619103083637730048,-2.99155,-5.14260,0.33725,-0.00583,0.00358,0.73201,-0.68126,
1619103083870908416,-2.99163,-5.28148,0.33168,-0.00267,-0.00018,0.72566,-0.68805,
1619103084070762496,-2.99556,-5.41022,0.34265,0.00102,-0.00481,0.71935,-0.69463,
1619103084337148928,-2.99754,-5.56726,0.34831,0.01031,-0.00168,0.71446,-0.69960,
1619103084570333184,-2.98528,-5.70392,0.34420,0.01225,-0.01257,0.71711,-0.69674,
1619103084836809984,-2.95984,-5.86623,0.34350,0.00339,-0.00202,0.72379,-0.69001,
1619103085036653312,-2.94288,-5.97918,0.34041,-0.00281,0.00404,0.72942,-0.68405,
1619103085203180544,-2.93192,-6.06923,0.33597,0.00062,-0.00402,0.73067,-0.68272,
1619103085502009344,-2.93111,-6.25790,0.32906,-0.01270,-0.00170,0.72179,-0.69199,
1619103085736705280,-2.93346,-6.41626,0.34096,-0.00509,-0.01406,0.71975,-0.69407,
1619103085971524096,-2.92967,-6.55075,0.34497,-0.00498,-0.00730,0.72024,-0.69367,
1619103086172896000,-2.92309,-6.66883,0.33946,-0.01317,-0.00420,0.71880,-0.69508,
1619103086342982400,-2.90950,-6.77539,0.34209,-0.02336,0.00262,0.72237,-0.69110,
1619103086676461824,-2.87683,-6.96803,0.34336,-0.02301,-0.00117,0.72651,-0.68677,
1619103087009941248,-2.86645,-7.17496,0.33984,-0.01455,-0.00578,0.72250,-0.69120,
1619103087109984512,-2.86189,-7.23285,0.34379,-0.00187,-0.01333,0.71755,-0.69638,
1619103087343432704,-2.86736,-7.36652,0.35699,0.00218,-0.01767,0.71334,-0.70060,
1619103087576857856,-2.86776,-7.48949,0.34729,-0.00337,-0.02184,0.72108,-0.69250,
1619103087710243840,-2.85862,-7.55849,0.33877,-0.01498,-0.01929,0.72343,-0.68996,
1619103087876976384,-2.84504,-7.65013,0.34149,-0.01775,-0.01189,0.72625,-0.68710,
1619103088143747840,-2.80324,-7.80592,0.34616,-0.02491,-0.00517,0.72290,-0.69048,
1619103088343816704,-2.78523,-7.90884,0.33931,-0.01670,-0.00330,0.73238,-0.68069,
1619103088643941376,-2.77083,-8.10003,0.32606,-0.02967,0.00181,0.72944,-0.68340,
1619103088810677760,-2.77628,-8.21207,0.33418,-0.02186,-0.00129,0.72630,-0.68703,
1619103088944066048,-2.77727,-8.29539,0.34057,-0.03424,0.00324,0.71919,-0.69397,
1619103089010760448,-2.77934,-8.33375,0.34039,-0.02803,-0.00427,0.72253,-0.69076,
1619103089244189184,-2.77520,-8.47787,0.33715,-0.03431,0.00392,0.72453,-0.68838,
1619103089444270848,-2.76067,-8.61113,0.33317,-0.03973,-0.00402,0.72631,-0.68621,
1619103089577658624,-2.74790,-8.70050,0.33760,-0.04912,0.00145,0.72526,-0.68672,
1619103089711046656,-2.73624,-8.78542,0.33556,-0.05101,0.00939,0.72799,-0.68363,
1619103089911128576,-2.72714,-8.90625,0.32752,-0.04323,0.00380,0.73603,-0.67555,
1619103090077863424,-2.73669,-9.01072,0.32225,-0.03197,0.00835,0.72740,-0.68542,
1619103090177903616,-2.74411,-9.07637,0.32037,-0.03147,0.00258,0.72178,-0.69140,
1619103090277944832,-2.75146,-9.14390,0.32135,-0.02493,-0.00948,0.72947,-0.68349,
1619103090344644608,-2.75617,-9.18489,0.32555,-0.02545,-0.01098,0.72180,-0.69155,
1619103090444682496,-2.75890,-9.24497,0.32977,-0.02189,-0.02307,0.72345,-0.68964,
1619103090644759296,-2.74888,-9.35913,0.33062,-0.02045,-0.03517,0.72574,-0.68677,
1619103090911527424,-2.72014,-9.51479,0.33053,-0.01025,-0.03563,0.72043,-0.69254,
1619103091011565568,-2.70614,-9.57730,0.33438,-0.02481,-0.02300,0.72085,-0.69227,
1619103091211640320,-2.67871,-9.69358,0.33554,-0.03432,-0.00635,0.72105,-0.69200,
1619103091311676928,-2.67064,-9.74665,0.33274,-0.03161,-0.00547,0.72803,-0.68480,
1619103091578736640,-2.65596,-9.89029,0.32544,-0.03246,-0.00068,0.73045,-0.68219,
1619103091779040512,-2.65405,-10.00745,0.32595,-0.02547,-0.00795,0.72311,-0.69021,
1619103091912580608,-2.65359,-10.08928,0.33406,-0.02606,-0.01841,0.71950,-0.69376,
1619103092012738816,-2.65681,-10.14900,0.33959,-0.00928,-0.01194,0.71637,-0.69755,
1619103092279834880,-2.64644,-10.29594,0.33412,-0.02265,-0.01965,0.72364,-0.68952,
1619103092480012544,-2.62960,-10.40951,0.33761,-0.03476,-0.01157,0.72072,-0.69226,
1619103092646736384,-2.61217,-10.49572,0.35204,-0.04207,0.00047,0.71247,-0.70044,
1619103092813460224,-2.59294,-10.58147,0.35731,-0.05483,0.01614,0.70886,-0.70303,
1619103092913493760,-2.58930,-10.62693,0.35788,-0.05944,0.03098,0.70879,-0.70222,
1619103093146905600,-2.58558,-10.71971,0.34992,-0.06492,0.02688,0.71426,-0.69634,
1619103093313632256,-2.58180,-10.79948,0.34458,-0.06107,0.01610,0.71008,-0.70128,
1619103093480352000,-2.58539,-10.88723,0.34443,-0.04416,0.01076,0.70865,-0.70410,
1619103093713756672,-2.58796,-11.01996,0.35008,-0.04621,0.00014,0.71005,-0.70263,
1619103093780443648,-2.58426,-11.04655,0.35023,-0.04027,-0.01243,0.71069,-0.70225,
1619103093980503552,-2.57301,-11.11935,0.35128,-0.03214,-0.02005,0.71379,-0.69933,
1619103094180562176,-2.55213,-11.17505,0.35437,-0.02170,-0.02944,0.71482,-0.69835,
1619103094247248128,-2.54360,-11.19049,0.35568,-0.01548,-0.03421,0.71194,-0.70123,
1619103094347263488,-2.51880,-11.21413,0.35632,0.00094,-0.05483,0.71183,-0.70021,
1619103094447296256,-2.48984,-11.23157,0.35709,0.01893,-0.07698,0.70765,-0.70210,
1619103094547329280,-2.45870,-11.24399,0.35793,0.04010,-0.09312,0.70779,-0.69911,
1619103094647361024,-2.42305,-11.25326,0.35810,0.06147,-0.11392,0.70169,-0.70062,
1619103094714049024,-2.39896,-11.25647,0.35740,-0.07602,0.12999,-0.69903,0.69906,
1619103094814081280,-2.36570,-11.25744,0.35575,-0.09898,0.15603,-0.69485,0.69501,
1619103094914112256,-2.33695,-11.25793,0.35467,0.11958,-0.17429,0.69155,-0.69071,
1619103095014144000,-2.31474,-11.25776,0.35374,0.14186,-0.19307,0.68954,-0.68347,
1619103095147518720,-2.28221,-11.25951,0.35051,0.16161,-0.21855,0.68413,-0.67682,
1619103095247548416,-2.26038,-11.26136,0.34967,0.18042,-0.23561,0.67921,-0.67127,
1619103095314235136,-2.24683,-11.26254,0.34804,0.19145,-0.24733,0.67411,-0.66914,
1619103095380912640,-2.23519,-11.26407,0.34743,0.20506,-0.26301,0.67223,-0.66098,
1619103095480946176,-2.21595,-11.26703,0.34942,0.22707,-0.28149,0.66262,-0.65585,
1619103095580978944,-2.20005,-11.26981,0.35120,0.25162,-0.30208,0.65103,-0.64930,
1619103095681011712,-2.18573,-11.27293,0.35181,0.27436,-0.32639,0.64055,-0.63866,
1619103095781043456,-2.17422,-11.27598,0.35195,-0.29380,0.34742,-0.62733,0.63201,
1619103095914419456,-2.15834,-11.28096,0.35039,-0.31622,0.37550,-0.61311,0.61896,
1619103095981106944,-2.15184,-11.28211,0.34860,-0.32747,0.39145,-0.60474,0.61141,
1619103096047794432,-2.14496,-11.28311,0.34727,-0.33714,0.40543,-0.59727,0.60435,
1619103096181169152,-2.13197,-11.28060,0.34527,-0.35980,0.43140,-0.57918,0.59076,
1619103096247856128,-2.12622,-11.27873,0.34383,-0.36994,0.44042,-0.57235,0.58446,
1619103096381134592,-2.11257,-11.27242,0.34007,-0.38837,0.46115,-0.56004,0.56821,
1619103096481199360,-2.10050,-11.26421,0.33904,-0.39866,0.47221,-0.54939,0.56238,
1619103096547909120,-2.09259,-11.25961,0.33896,-0.40824,0.48119,-0.54340,0.55363,
1619103096647973376,-2.07787,-11.24918,0.33765,-0.42044,0.49135,-0.53293,0.54570,
1619103096714683392,-2.06691,-11.24136,0.33604,-0.42456,0.49849,-0.52677,0.54200,
1619103096848103936,-2.04496,-11.22431,0.33560,-0.43631,0.51206,-0.51652,0.52975,
1619103096914814464,-2.03533,-11.21542,0.33532,-0.44406,0.51796,-0.51304,0.52088,
1619103097114946560,-2.00573,-11.18447,0.33674,-0.45470,0.52553,-0.50425,0.51264,
1619103097248368640,-1.98567,-11.17080,0.33579,-0.46109,0.52920,-0.50024,0.50705,
1619103097581948416,-1.89812,-11.15873,0.33286,-0.46351,0.53362,-0.49888,0.50152,
1619103097915405312,-1.76090,-11.17522,0.33709,-0.47329,0.53503,-0.48950,0.50013,
1619103098048787200,-1.70993,-11.18747,0.33874,-0.47757,0.53973,-0.48066,0.49959,
1619103098148823808,-1.67628,-11.19857,0.33662,-0.48296,0.54599,-0.47570,0.49230,
1619103098548971264,-1.52775,-11.19236,0.33201,-0.48356,0.54885,-0.47613,0.48809,
1619103098749031424,-1.44495,-11.17796,0.33493,-0.48155,0.54423,-0.48071,0.49075,
1619103098915746304,-1.37841,-11.16650,0.33618,-0.47901,0.53515,-0.48990,0.49413,
1619103099049117440,-1.32621,-11.15939,0.33393,-0.47033,0.53090,-0.49252,0.50434,
1619103099282516736,-1.23902,-11.15512,0.33034,-0.46948,0.53551,-0.49801,0.49478,
1619103099582596864,-1.10021,-11.16049,0.32797,-0.47451,0.52864,-0.49608,0.49929,
1619103099782646784,-1.00183,-11.16859,0.33461,-0.47675,0.53640,-0.48617,0.49862,
1619103099916012800,-0.94143,-11.17340,0.33821,-0.48821,0.53370,-0.48178,0.49468,
1619103100016036864,-0.90161,-11.17132,0.33675,-0.48085,0.53325,-0.47922,0.50474,
1619103100182741760,-0.83444,-11.16248,0.33313,-0.48175,0.54277,-0.47600,0.49674,
1619103100549485568,-0.66913,-11.12032,0.33830,-0.48100,0.53730,-0.48530,0.49440,
1619103100649509888,-0.62637,-11.10469,0.34194,-0.48479,0.53109,-0.48416,0.49851,
1619103100816217344,-0.55948,-11.07656,0.34461,-0.47975,0.52487,-0.48910,0.50510,
1619103101016264192,-0.48710,-11.05444,0.33996,-0.47107,0.52287,-0.49970,0.50497,
1619103101216308736,-0.40741,-11.03808,0.33436,-0.47565,0.52811,-0.49687,0.49798,
1619103101483003136,-0.28418,-11.02335,0.32889,-0.48845,0.53164,-0.48835,0.49020,
1619103101783115264,-0.14777,-11.00893,0.33541,-0.49231,0.54606,-0.47541,0.48316,
1619103102016536832,-0.05437,-10.98513,0.33240,-0.49350,0.55566,-0.46836,0.47786,
1619103102149920000,0.00767,-10.96667,0.33199,-0.49032,0.55040,-0.47021,0.48533,
1619103102283303424,0.06850,-10.94544,0.33678,-0.49745,0.54210,-0.46944,0.48816,
1619103102483374080,0.15371,-10.90323,0.34471,-0.49088,0.53757,-0.47786,0.49164,
1619103102583413760,0.18886,-10.88338,0.34474,-0.48905,0.52693,-0.48026,0.50252,
1619103102650107392,0.21573,-10.87356,0.34036,-0.47815,0.52320,-0.48704,0.51032,
1619103102716800768,0.24225,-10.86731,0.33668,-0.47051,0.53018,-0.49506,0.50244,
1619103102983573760,0.34330,-10.84092,0.33042,-0.47472,0.53042,-0.48948,0.50368,
1619103103116959744,0.41174,-10.83455,0.32656,-0.47455,0.52373,-0.49359,0.50683,
1619103103216999424,0.46873,-10.83294,0.32675,-0.48090,0.51721,-0.49381,0.50734,
1619103103416912128,0.57592,-10.82447,0.33156,-0.47707,0.51518,-0.48671,0.51972,
1619103103583755264,0.64820,-10.81371,0.33007,-0.47598,0.53160,-0.47723,0.51293,
1619103103884082432,0.76305,-10.78398,0.32823,-0.47061,0.52985,-0.48309,0.51421,
1619103104184418304,0.85210,-10.73077,0.33034,-0.46797,0.52188,-0.49466,0.51376,
1619103104451599872,0.89705,-10.68226,0.32919,-0.47820,0.52902,-0.48928,0.50206,
1619103104551620096,0.90582,-10.66408,0.32678,-0.48585,0.53856,-0.48074,0.49273,
1619103104618299392,0.90887,-10.65114,0.32507,-0.49415,0.54829,-0.47191,0.48218,
1619103104718317568,0.91062,-10.62862,0.32418,0.50991,-0.56397,0.45153,-0.46697,
1619103104818336256,0.90892,-10.60496,0.32330,0.52491,-0.58251,0.42706,-0.45030,
1619103104918353152,0.90597,-10.58195,0.32234,0.54044,-0.59948,0.40599,-0.42862,
1619103105018370304,0.90205,-10.55979,0.32136,0.55614,-0.61577,0.38019,-0.40864,
1619103105118385920,0.89754,-10.53965,0.31984,0.56882,-0.63104,0.35849,-0.38693,
1619103105218401792,0.88805,-10.52369,0.31854,0.58296,-0.64550,0.33445,-0.36282,
1619103105285078528,0.88118,-10.51210,0.31652,0.59057,-0.65617,0.31600,-0.34758,
1619103105418406144,0.86607,-10.48881,0.31339,0.60287,-0.67442,0.28371,-0.31814,
1619103105518429440,0.85047,-10.47180,0.31244,0.61489,-0.68484,0.25901,-0.29294,
1619103105618452736,0.83111,-10.45179,0.31127,0.62407,-0.69334,0.23587,-0.27237,
1619103105718474752,0.80798,-10.42886,0.31030,0.63251,-0.69981,0.21620,-0.25190,
1619103105785156096,0.78993,-10.41333,0.30915,0.63859,-0.70442,0.20040,-0.23630,
1619103105885177856,0.76294,-10.38768,0.30691,0.64466,-0.70842,0.18219,-0.22218,
1619103105985198336,0.74379,-10.36513,0.30411,0.64809,-0.70876,0.18007,-0.21266,
1619103106085218560,0.73177,-10.34497,0.29940,0.64450,-0.71518,0.17405,-0.20697,
1619103106251917312,0.72827,-10.30921,0.29657,0.64508,-0.71926,0.16630,-0.19718,
1619103106485292544,0.74774,-10.24103,0.29684,0.65667,-0.71312,0.15467,-0.19058,
1619103106752006656,0.80057,-10.15075,0.30307,0.66069,-0.71502,0.14457,-0.17698,
1619103106818684672,0.81420,-10.12943,0.30362,0.66086,-0.71766,0.13562,-0.17274,
1619103106952039168,0.84059,-10.09169,0.30359,0.66231,-0.71972,0.13208,-0.16095,
1619103107218744832,0.86687,-10.01634,0.30074,0.66071,-0.72379,0.12397,-0.15564,
1619103107485324544,0.88012,-9.90543,0.30303,0.66305,-0.71906,0.13208,-0.16082,
1619103107585401344,0.88550,-9.86018,0.30435,0.66188,-0.71675,0.13969,-0.16931,
1619103107685480448,0.88895,-9.81617,0.30682,0.65891,-0.71641,0.14799,-0.17518,
1619103107818921472,0.89622,-9.76382,0.30765,0.66248,-0.70612,0.16373,-0.18896,
1619103107919003904,0.90562,-9.72630,0.30537,0.65297,-0.71184,0.16761,-0.19704,
1619103108052450304,0.92552,-9.67377,0.30054,0.64707,-0.71254,0.17907,-0.20377,
1619103108252626176,0.96887,-9.58561,0.29553,0.64964,-0.70762,0.18031,-0.21149,
1619103108452949248,1.02221,-9.49557,0.30450,0.65441,-0.70355,0.17995,-0.21066,
1619103108719694848,1.08201,-9.38718,0.30411,0.64576,-0.71054,0.17615,-0.21700,
1619103108919752192,1.11779,-9.30709,0.29973,0.63797,-0.71479,0.17566,-0.22631,
1619103109053122816,1.14162,-9.24732,0.30259,0.63352,-0.70982,0.19553,-0.23785,
1619103109153150720,1.15451,-9.20356,0.30674,0.62795,-0.70590,0.21266,-0.24932,
1619103109253177600,1.16411,-9.15876,0.31365,0.62869,-0.69557,0.22804,-0.26255,
1619103109419879936,1.17926,-9.08843,0.32037,0.62526,-0.68312,0.24895,-0.28358,
1619103109519909376,1.19119,-9.05048,0.31959,0.61543,-0.68339,0.25966,-0.29463,
1619103109886683392,1.25812,-8.93230,0.30885,0.61593,-0.68007,0.26648,-0.29518,
1619103109986711040,1.28245,-8.89833,0.30744,0.62227,-0.67677,0.26027,-0.29499,
1619103110086739200,1.30915,-8.86512,0.30767,0.62379,-0.68062,0.25518,-0.28729,
1619103110286793472,1.36212,-8.79896,0.30929,0.63087,-0.68144,0.23892,-0.28382,
1619103110486839296,1.40888,-8.72901,0.30583,0.62817,-0.68914,0.23105,-0.27767,
1619103110586868480,1.42705,-8.69057,0.30557,0.63277,-0.68857,0.22275,-0.27542,
1619103110753584128,1.46132,-8.61703,0.30726,0.63571,-0.69010,0.21744,-0.26901,
1619103110953641216,1.50842,-8.52137,0.31433,0.63779,-0.68454,0.23131,-0.26671,
1619103111120353536,1.54504,-8.44448,0.31727,0.63668,-0.67595,0.24318,-0.28036,
1619103111287065856,1.58166,-8.37240,0.31536,0.63331,-0.68239,0.24022,-0.27487,
1619103111487109632,1.63360,-8.28753,0.30722,0.63185,-0.68614,0.23804,-0.27078,
1619103111687171072,1.70455,-8.19933,0.29764,0.62457,-0.69541,0.23400,-0.26749,
1619103111887230976,1.78284,-8.11309,0.30249,0.62483,-0.69739,0.22104,-0.27273,
1619103111953917440,1.80643,-8.08647,0.30432,0.63446,-0.69409,0.21300,-0.26519,
1619103112153975552,1.86067,-8.00221,0.30591,0.63415,-0.69756,0.20273,-0.26488,
1619103112353958912,1.90541,-7.90808,0.30219,0.63615,-0.69778,0.20016,-0.26145,
1619103112554060800,1.94675,-7.80938,0.30858,0.63513,-0.69562,0.21226,-0.26013,
1619103112720813568,1.97770,-7.73307,0.31409,0.64245,-0.68563,0.21643,-0.26518,
1619103112920919040,2.02059,-7.65817,0.31447,0.64360,-0.68778,0.21787,-0.25548,
1619103113121026304,2.06902,-7.58554,0.31105,0.64591,-0.68870,0.21139,-0.25260,
1619103113321135872,2.13372,-7.51021,0.31517,0.65716,-0.68480,0.19789,-0.24502,
1619103113485346816,2.18248,-7.44656,0.32497,0.66245,-0.68859,0.17890,-0.23450,
1619103113586488576,2.20749,-7.41009,0.33111,0.67550,-0.68462,0.16382,-0.21947,
1619103113721379072,2.22544,-7.35925,0.33082,0.67576,-0.69596,0.13673,-0.20076,
1619103113856308992,2.24073,-7.30842,0.32717,0.67666,-0.70079,0.12728,-0.18660,
1619103113957532160,2.25137,-7.26991,0.32660,0.68104,-0.70022,0.12447,-0.17432,
1619103114058776576,2.25842,-7.23390,0.32817,0.68691,-0.69957,0.11665,-0.15860,
1619103114193804032,2.26852,-7.17940,0.33359,0.69489,-0.69553,0.11057,-0.14539,
1619103114261332224,2.27303,-7.15145,0.33545,0.69691,-0.69671,0.10477,-0.13393,
1619103114362643200,2.27558,-7.11115,0.33601,0.70120,-0.69571,0.09435,-0.12408,
1619103114434475776,2.27775,-7.08297,0.33511,0.70480,-0.69423,0.08941,-0.11539,
1619103114534406656,2.28127,-7.04424,0.33462,0.70650,-0.69522,0.08126,-0.10458,
1619103114634336000,2.28182,-7.00753,0.33517,0.70756,-0.69772,0.07184,-0.08587,
1619103114734260736,2.28113,-6.96878,0.33303,0.70883,-0.69918,0.06089,-0.07075,
1619103114834183936,2.28168,-6.92916,0.33033,0.71094,-0.70034,0.04259,-0.04769,
1619103114934102528,2.28514,-6.88852,0.32723,0.71460,-0.69870,0.02179,-0.02635,
1619103115000713472,2.29098,-6.85804,0.32488,0.71407,-0.69985,0.01143,-0.01382,
1619103115133931520,2.30346,-6.79921,0.32344,0.70739,-0.70644,-0.02108,0.00953,
1619103115333748224,2.32353,-6.71722,0.32570,0.71823,-0.69368,-0.04753,0.02614,
1619103115500187648,2.33177,-6.64896,0.32158,0.71867,-0.69219,-0.05771,0.03253,
1619103115600114944,2.33177,-6.60588,0.31862,0.71574,-0.69409,-0.06426,0.04276,
1619103115700039680,2.32909,-6.55852,0.31649,0.71258,-0.69622,-0.07072,0.05012,
1619103115766653696,2.32685,-6.52474,0.31623,0.71574,-0.69392,-0.06500,0.04435,
1619103115966488576,2.31775,-6.41980,0.32043,0.71609,-0.69474,-0.05505,0.03906,
1619103116066400256,2.31241,-6.36592,0.32139,0.71979,-0.69162,-0.04516,0.03903,
1619103116199611904,2.30872,-6.29362,0.31950,0.71405,-0.69875,-0.03112,0.03039,
1619103116465938176,2.30456,-6.15762,0.31321,0.71768,-0.69471,-0.03456,0.03353,
1619103116565868288,2.30325,-6.10189,0.31174,0.72215,-0.68955,-0.04090,0.03659,
1619103116665794304,2.30331,-6.04349,0.31334,0.72319,-0.68762,-0.05127,0.03924,
1619103116732410368,2.30464,-6.00531,0.31465,0.72106,-0.68806,-0.06194,0.05299,
1619103116932249856,2.30365,-5.89822,0.32013,0.72127,-0.68553,-0.07529,0.06437,
1619103117098773504,2.29455,-5.81613,0.31694,0.71467,-0.69199,-0.07535,0.06875,
1619103117398367744,2.26095,-5.66398,0.31646,0.71607,-0.69093,-0.07268,0.06768,
1619103117531617280,2.23479,-5.58950,0.31933,0.71445,-0.69428,-0.06590,0.05650,
1619103117664861696,2.20893,-5.52002,0.32184,0.72181,-0.68796,-0.05959,0.04634,
1619103117764791552,2.19408,-5.46496,0.31881,0.71696,-0.69379,-0.05597,0.03862,
1619103118064561152,2.16490,-5.28723,0.30818,0.71402,-0.69622,-0.06421,0.03662,
1619103118264392448,2.15715,-5.15524,0.31115,0.71164,-0.69770,-0.07176,0.04046,
1619103118364304128,2.15142,-5.09472,0.31508,0.71616,-0.69255,-0.07530,0.04269,
1619103118463882752,2.14226,-5.03310,0.31662,0.71025,-0.69646,-0.08878,0.05115,
1619103118563909376,2.13048,-4.97764,0.31897,0.71514,-0.69117,-0.08936,0.05354,
1619103118763957504,2.09146,-4.86319,0.31712,0.71573,-0.68969,-0.09536,0.05447,
1619103118964001280,2.04560,-4.74381,0.31955,0.71415,-0.69380,-0.07855,0.04955,
1619103119097361152,2.01420,-4.67264,0.32486,0.72384,-0.68564,-0.06344,0.04386,
1619103119197379328,1.99343,-4.61868,0.32385,0.72320,-0.68791,-0.05419,0.02871,
1619103119297397248,1.97444,-4.56611,0.31972,0.71388,-0.69721,-0.05869,0.02893,
1619103119497551616,1.94327,-4.45807,0.31232,0.71439,-0.69757,-0.04780,0.02751,
1619103119630837504,1.92727,-4.37743,0.30687,0.71939,-0.69206,-0.05069,0.03100,
1619103119964038912,1.89169,-4.17421,0.31551,0.72297,-0.68679,-0.05843,0.04718,
1619103120163951104,1.86465,-4.06897,0.31399,0.72131,-0.68883,-0.06308,0.03533,
1619103120363857408,1.82800,-3.96095,0.31311,0.72353,-0.68733,-0.05827,0.02612,
1619103120463519232,1.80702,-3.90596,0.31490,0.72352,-0.68882,-0.04208,0.01665,
1619103120563573760,1.78481,-3.85206,0.31903,0.72408,-0.68885,-0.03393,0.00659,
1619103120730328576,1.75086,-3.76463,0.32176,0.72427,-0.68922,-0.02051,-0.00069,
1619103120930432256,1.72441,-3.66201,0.31877,0.71504,-0.69869,-0.02073,-0.01077,
1619103121097183744,1.70785,-3.56933,0.31161,0.71828,-0.69522,-0.01606,-0.02227,
1619103121330630912,1.69510,-3.42732,0.31646,0.71929,-0.69426,-0.01212,-0.02177,
1619103121431044864,1.68954,-3.36856,0.32005,0.72181,-0.69127,-0.00862,-0.03266,
1619103121630907136,1.67562,-3.25863,0.31880,0.71485,-0.69840,-0.00932,-0.03371,
1619103121864062464,1.64699,-3.13123,0.31489,0.72037,-0.69248,0.00090,-0.03918,
1619103121963981568,1.62693,-3.07158,0.31114,0.70852,-0.70399,0.00853,-0.04818,
1619103122063896320,1.61007,-3.02353,0.31425,0.71264,-0.70017,0.01774,-0.03987,
1619103122163809280,1.59408,-2.97089,0.31547,0.70390,-0.70915,0.01384,-0.03790,
1619103122297020416,1.57949,-2.90227,0.31266,0.70695,-0.70619,0.00774,-0.03813,
1619103122463525888,1.57379,-2.80276,0.30455,0.70885,-0.70467,0.00722,-0.03019,
1619103122562327808,1.57282,-2.73845,0.30178,0.71404,-0.69968,0.00105,-0.02418,
1619103122662732800,1.57265,-2.66957,0.30138,0.71340,-0.70016,-0.01293,-0.02586,
1619103122729673728,1.57280,-2.62681,0.30329,0.71044,-0.70300,-0.02345,-0.02271,
1619103122830089728,1.57361,-2.56902,0.30812,0.71580,-0.69766,-0.02833,-0.00987,
1619103123030940416,1.57115,-2.45086,0.30766,0.71175,-0.70146,-0.03560,-0.01006,
1619103123332262144,1.55663,-2.26745,0.30543,0.71301,-0.70032,-0.03104,-0.01416,
1619103123432715520,1.54789,-2.19942,0.30821,0.71408,-0.69936,-0.02371,-0.02074,
1619103123601334272,1.53701,-2.09216,0.31255,0.71738,-0.69610,-0.01687,-0.02313,
1619103123767777280,1.53100,-1.99056,0.30986,0.71254,-0.70123,-0.01799,-0.01534,
1619103124000773376,1.52800,-1.84528,0.30303,0.72144,-0.69190,-0.02808,0.00340,
1619103124167183872,1.53085,-1.73630,0.30658,0.71804,-0.69450,-0.04248,0.01674,
1619103124300302336,1.53445,-1.66107,0.31324,0.72529,-0.68599,-0.04840,0.03198,
1619103124433411840,1.53502,-1.58664,0.31294,0.72032,-0.69050,-0.05511,0.03611,
1619103124732848128,1.51446,-1.41138,0.30847,0.72630,-0.68387,-0.06270,0.02962,
1619103124932567808,1.49367,-1.27893,0.31513,0.72597,-0.68591,-0.04548,0.02065,
1619103125098986752,1.48175,-1.17542,0.31974,0.72916,-0.68361,-0.02955,0.01188,
1619103125331949824,1.46632,-1.04141,0.31502,0.72512,-0.68794,-0.02641,0.01557,
1619103125631357952,1.46513,-0.85683,0.31151,0.73005,-0.68160,-0.04145,0.02693,
1619103125864380416,1.46062,-0.72508,0.31789,0.73273,-0.67691,-0.06117,0.03389,
1619103126097378048,1.44536,-0.60090,0.31518,0.72984,-0.67978,-0.05948,0.04113,
1619103126363628544,1.41550,-0.45066,0.31479,0.72705,-0.68293,-0.06024,0.03715,
1619103126463463424,1.39921,-0.39607,0.31581,0.72853,-0.68260,-0.05203,0.02433,
1619103126629793024,1.37261,-0.30667,0.32102,0.73093,-0.67991,-0.05153,0.02836,
1619103126829521152,1.34234,-0.20861,0.32162,0.72622,-0.68401,-0.05825,0.03649,
1619103127029229824,1.32652,-0.10957,0.31858,0.72544,-0.68463,-0.05817,0.04046,
1619103127328756224,1.30877,0.06190,0.30583,0.72862,-0.67946,-0.06853,0.05246,
