1619103046959163904,-0.00010,0.00017,-0.00008,0.73516,-0.67790,0.00017,0.00011,0.00086,-0.00015,0.00035,
1619103047059232000,-0.00010,-0.00014,-0.00011,0.73516,-0.67789,0.00011,0.00011,0.00037,-0.00039,0.00042,
1619103047159267072,-0.00016,-0.00012,-0.00014,0.73516,-0.67789,0.00011,0.00010,0.00018,-0.00005,0.00007,
1619103047259302656,-0.00016,-0.00005,-0.00010,0.73517,-0.67788,0.00014,0.00011,0.00037,-0.00020,0.00059,
1619103047392683008,-0.00019,0.00003,-0.00010,0.73515,-0.67790,0.00013,0.00010,0.00010,0.00001,0.00027,
1619103047459373056,-0.00025,0.00016,-0.00012,0.73514,-0.67792,0.00011,0.00011,-0.00006,0.00064,0.00013,
1619103047592752896,-0.00023,0.00021,-0.00010,0.73516,-0.67789,0.00012,0.00011,0.00035,0.00123,0.00023,
1619103047659442944,-0.00023,0.00016,0.00000,0.73515,-0.67791,0.00015,0.00008,0.00028,0.00116,0.00095,
1619103047759477248,-0.00030,0.00027,-0.00002,0.73515,-0.67790,0.00014,0.00006,0.00005,0.00195,0.00077,
1619103047859511808,-0.00030,0.00031,-0.00006,0.73516,-0.67789,0.00015,0.00006,-0.00010,0.00215,0.00080,
1619103047959545600,-0.00029,0.00001,-0.00023,0.73518,-0.67787,0.00016,0.00007,-0.00058,0.00183,-0.00025,
1619103048059572736,-0.00011,0.00061,0.00014,0.73516,-0.67790,0.00018,0.00009,0.00039,0.00211,0.00146,
1619103048159608832,0.00004,0.00070,0.00024,0.73515,-0.67790,0.00022,0.00011,0.00079,0.00162,0.00125,
1619103048259645696,-0.00003,0.00041,0.00003,0.73517,-0.67788,0.00016,0.00007,0.00059,0.00171,0.00101,
1619103048359681280,-0.00007,0.00022,-0.00003,0.73517,-0.67789,0.00016,0.00004,0.00071,0.00158,0.00047,
1619103048459717888,-0.00021,0.00023,-0.00014,0.73516,-0.67789,0.00015,0.00007,0.00081,0.00170,0.00091,
1619103048559753216,-0.00018,0.00030,-0.00014,0.73515,-0.67790,0.00014,0.00008,0.00067,0.00165,0.00094,
1619103048659789312,-0.00014,0.00044,-0.00012,0.73516,-0.67790,0.00014,0.00007,0.00085,0.00162,0.00087,
1619103048759824384,-0.00023,0.00008,-0.00030,0.73515,-0.67791,0.00011,0.00005,0.00013,0.00127,0.00055,
1619103048859859968,-0.00015,0.00018,-0.00010,0.73512,-0.67794,0.00014,0.00007,0.00104,0.00044,0.00137,
1619103048959894272,-0.00019,-0.00022,-0.00017,0.73513,-0.67793,0.00010,0.00005,0.00071,0.00089,0.00044,
1619103049059921920,-0.00016,0.00033,0.00008,0.73511,-0.67795,0.00013,0.00004,0.00079,0.00297,0.00151,
1619103049193304832,-0.00017,0.00036,0.00005,0.73510,-0.67796,0.00009,0.00001,-0.00036,0.00201,0.00147,
1619103049293341184,-0.00040,-0.00011,-0.00023,0.73509,-0.67797,0.00004,-0.00002,-0.00141,0.00055,0.00149,
1619103049360032256,0.00012,-0.00052,-0.00013,0.73508,-0.67798,0.00002,0.00003,0.00119,0.00195,0.00165,
1619103049460069632,0.00003,-0.00104,-0.00041,0.73506,-0.67800,-0.00001,0.00004,0.00099,0.00182,0.00220,
1619103049560105472,0.00016,-0.00094,-0.00008,0.73505,-0.67802,0.00000,0.00005,0.00087,0.00212,0.00292,
1619103049660142592,0.00003,-0.00012,-0.00004,0.73504,-0.67802,-0.00003,0.00004,0.00118,0.00235,0.00199,
1619103049793524480,0.00014,-0.00006,0.00000,0.73503,-0.67804,-0.00005,0.00003,0.00130,0.00252,0.00178,
1619103049860215296,0.00025,-0.00030,0.00005,0.73503,-0.67803,-0.00005,0.00002,0.00135,0.00260,0.00178,
1619103049960250624,0.00032,-0.00117,0.00002,0.73503,-0.67804,-0.00006,-0.00001,-0.00025,0.00078,0.00317,
1619103050060286720,0.00015,-0.00029,0.00024,0.73503,-0.67804,-0.00012,0.00004,-0.00035,0.00201,0.00211,
1619103050160321792,0.00025,-0.00079,0.00005,0.73504,-0.67803,-0.00003,-0.00001,0.00017,0.00118,0.00161,
1619103050293702144,-0.00008,-0.00061,0.00001,0.73501,-0.67805,0.00001,-0.00003,-0.00062,-0.00011,0.00196,
1619103050360392448,0.00025,-0.00048,0.00014,0.73505,-0.67801,-0.00026,0.00015,0.01233,0.01316,0.00299,
1619103050460427776,0.00289,0.00192,0.00138,0.73105,-0.68232,-0.00154,0.00189,0.02346,0.07497,0.03348,
1619103050560462336,0.00566,0.01124,0.00657,0.71251,-0.70164,0.00507,-0.00290,0.02165,0.03742,0.07795,
1619103050660497408,0.00610,0.00667,0.03156,0.72375,-0.69003,0.00541,0.00427,0.05161,0.01345,0.11104,
1619103050760531456,0.01423,0.01654,0.02536,0.72687,-0.68659,0.00731,0.01398,0.04620,0.03764,0.09079,
1619103050893910528,0.02002,0.02088,0.03632,0.73075,-0.68233,0.01381,0.01544,0.05244,0.03430,0.07392,
1619103050960600064,0.02364,0.02212,0.04083,0.73131,-0.68167,0.01879,0.01262,0.06009,0.02197,0.06466,
1619103051093991936,0.03308,0.02396,0.04868,0.73031,-0.68247,0.02465,0.01633,0.07261,0.01442,0.06597,
1619103051160684544,0.03795,0.02475,0.05275,0.72942,-0.68319,0.02769,0.02053,0.06521,0.01224,0.06433,
1619103051260723968,0.04458,0.02550,0.05924,0.72888,-0.68362,0.03056,0.02158,0.06204,0.00313,0.06753,
1619103051360762368,0.05151,0.02664,0.06658,0.72850,-0.68384,0.03575,0.01920,0.06295,0.01337,0.06743,
1619103051460801536,0.05887,0.02831,0.07462,0.72573,-0.68652,0.03941,0.02132,0.08905,0.00278,0.06843,
1619103051560839680,0.06739,0.02912,0.08294,0.72434,-0.68752,0.04523,0.02442,0.08667,0.00425,0.06594,
1619103051660878592,0.07611,0.03070,0.09310,0.71848,-0.69366,0.04568,0.02321,0.11546,-0.00488,0.09346,
1619103051794263040,0.09292,0.02979,0.11025,0.71776,-0.69418,0.04519,0.02993,0.16729,-0.02668,0.12015,
1619103051860955392,0.10229,0.03003,0.12187,0.71624,-0.69538,0.04706,0.03512,0.18504,-0.01884,0.13116,
1619103051960993024,0.12154,0.02930,0.13610,0.71225,-0.69902,0.04866,0.04135,0.20044,-0.00650,0.12709,
1619103052060963072,0.14060,0.02789,0.14828,0.70781,-0.70340,0.05307,0.03764,0.21251,-0.03351,0.11177,
1619103052161022976,0.16165,0.02409,0.15746,0.70788,-0.70278,0.06349,0.03114,0.22177,-0.04302,0.09983,
1619103052294436864,0.19073,0.02007,0.16886,0.70109,-0.70904,0.07164,0.02454,0.23794,-0.04591,0.09303,
1619103052361144576,0.20351,0.01853,0.17859,0.69851,-0.71135,0.07391,0.02445,0.22503,-0.06225,0.11744,
1619103052494559488,0.23176,0.01266,0.19456,0.69308,-0.71708,0.07097,0.01985,0.23521,-0.04074,0.11230,
1619103052561267456,0.24657,0.00955,0.20255,0.68902,-0.72078,0.07319,0.01916,0.23322,-0.05939,0.10578,
1619103052661329664,0.26825,0.00442,0.21423,0.68841,-0.72109,0.07646,0.01671,0.21571,-0.04747,0.10600,
1619103052761391360,0.28841,0.00118,0.22644,0.68102,-0.72835,0.07323,0.01906,0.23302,-0.03228,0.10247,
1619103052894808320,0.31472,-0.00588,0.24527,0.67831,-0.73099,0.06976,0.02627,0.20176,-0.05921,0.11061,
1619103052961516800,0.32591,-0.00959,0.25439,0.67763,-0.73216,0.06235,0.02956,0.21193,-0.03195,0.09982,
1619103053061658624,0.34456,-0.01375,0.26717,0.67061,-0.73874,0.05880,0.03307,0.21947,-0.01979,0.09465,
1619103053161696000,0.36522,-0.01871,0.27706,0.66672,-0.74187,0.06511,0.02958,0.20928,-0.04271,0.08673,
1619103053295079680,0.39472,-0.02076,0.29016,0.65258,-0.75313,0.07595,0.03419,0.22197,-0.02081,0.08116,
1619103053361771264,0.40726,-0.02687,0.29607,0.65203,-0.75384,0.07147,0.03834,0.19170,-0.07576,0.09509,
1619103053461809408,0.42600,-0.03554,0.30442,0.66169,-0.74633,0.06177,0.03657,0.19116,-0.06211,0.08195,
1619103053561846272,0.44668,-0.04173,0.31230,0.67081,-0.73741,0.06848,0.03938,0.21111,-0.04596,0.08875,
1619103053661884160,0.46545,-0.04451,0.31722,0.66265,-0.74509,0.05657,0.05039,0.14521,-0.00151,0.05915,
1619103053795267072,0.48615,-0.04952,0.32281,0.66069,-0.74863,0.03374,0.04363,0.12354,-0.02187,0.04807,
1619103053861958400,0.49550,-0.05208,0.32358,0.65916,-0.75071,0.02390,0.03702,0.16063,-0.01226,0.04478,
1619103053961995008,0.51208,-0.05284,0.32574,0.64837,-0.75971,0.02038,0.04518,0.17040,0.01760,0.03464,
1619103054062023168,0.52708,-0.05330,0.32912,0.64367,-0.76291,0.01496,0.05862,0.13761,-0.00830,0.04332,
1619103054195409920,0.54274,-0.05266,0.33030,0.64144,-0.76497,0.00617,0.05778,0.13237,0.04585,0.00833,
1619103054262103296,0.55137,-0.05375,0.32939,0.63728,-0.76794,0.00640,0.06405,0.12184,0.01154,0.02998,
1619103054362142720,0.56260,-0.05309,0.33273,0.64478,-0.76082,0.00105,0.07361,0.10959,0.02847,0.03873,
1619103054462183168,0.57188,-0.05323,0.33258,0.65512,-0.75157,-0.00080,0.07716,0.10337,0.08210,0.02377,
1619103054562222592,0.57903,-0.04693,0.33299,0.65583,-0.74970,-0.00303,0.08848,0.09321,0.10596,0.03470,
1619103054662263040,0.58381,-0.03960,0.33351,0.66150,-0.74281,-0.00645,0.10296,0.08876,0.13285,0.02129,
1619103054762301952,0.58905,-0.02515,0.33633,0.66455,-0.73973,-0.01091,0.10511,0.04716,0.16776,0.03383,
1619103054895687936,0.59186,-0.00520,0.33884,0.66749,-0.73760,-0.01864,0.10033,0.01925,0.20406,0.03261,
1619103054962381056,0.59292,0.00816,0.34082,0.66697,-0.73989,-0.02197,0.08505,0.00661,0.20296,0.04259,
1619103055062422784,0.59230,0.02407,0.34490,0.68329,-0.72747,-0.02359,0.05781,0.00400,0.18411,0.05262,
1619103055162461184,0.59230,0.04236,0.34776,0.69277,-0.71920,-0.02546,0.04661,0.00035,0.20388,0.02865,
1619103055262500352,0.59207,0.06220,0.34999,0.69442,-0.71763,-0.03405,0.04032,-0.00351,0.19530,0.02429,
1619103055395885312,0.59266,0.08576,0.35220,0.69325,-0.71781,-0.04210,0.04878,0.01028,0.17273,0.00909,
1619103055462577664,0.59394,0.09625,0.35324,0.69784,-0.71359,-0.03926,0.04768,0.04504,0.16459,0.01982,
1619103055562615296,0.59470,0.11236,0.35421,0.69884,-0.71207,-0.04596,0.04956,0.01350,0.19432,0.00182,
1619103055662654720,0.59775,0.13468,0.35427,0.68584,-0.72344,-0.05709,0.05481,0.06253,0.25945,0.00847,
1619103055796038912,0.60686,0.16808,0.35289,0.68189,-0.72802,-0.05202,0.04790,0.08723,0.27878,-0.01143,
1619103055862731264,0.61315,0.18396,0.35162,0.68552,-0.72487,-0.05144,0.04463,0.10151,0.27951,0.00255,
1619103055962768896,0.62607,0.21218,0.35190,0.69416,-0.71540,-0.06103,0.05120,0.15044,0.31801,0.01275,
1619103056062713600,0.64098,0.24492,0.35360,0.69588,-0.71188,-0.07305,0.06036,0.14539,0.32826,0.01992,
1619103056196137984,0.66034,0.28568,0.35391,0.70622,-0.70000,-0.08852,0.05842,0.13788,0.32577,0.00351,
1619103056262850560,0.67001,0.30542,0.35364,0.70570,-0.69872,-0.09739,0.06550,0.12091,0.32295,0.00392,
1619103056396276480,0.68417,0.34490,0.35419,0.70417,-0.69657,-0.11212,0.07980,0.07663,0.28632,0.00296,
1619103056462989824,0.68874,0.36434,0.35398,0.70281,-0.69577,-0.11853,0.08895,0.05033,0.29822,-0.00835,
1619103056563059456,0.69335,0.39295,0.35305,0.70094,-0.69644,-0.12310,0.09218,0.03668,0.29369,-0.00212,
1619103056663130880,0.69825,0.42443,0.35220,0.70238,-0.69426,-0.12167,0.09930,0.01708,0.35494,-0.01384,
1619103056763202048,0.70025,0.46147,0.35263,0.69841,-0.69861,-0.12050,0.09821,0.01028,0.36706,0.02178,
1619103056863274496,0.70179,0.50196,0.35633,0.70173,-0.69623,-0.11637,0.09641,-0.00259,0.40990,0.04632,
1619103056963346688,0.70121,0.54389,0.36140,0.70247,-0.69635,-0.11252,0.09471,-0.02680,0.41154,0.06211,
1619103057096863488,0.69800,0.59663,0.36714,0.70975,-0.69002,-0.11031,0.08921,-0.06192,0.38614,0.02208,
1619103057163558400,0.69419,0.62254,0.36880,0.71396,-0.68667,-0.10775,0.08447,-0.05983,0.39410,0.02094,
1619103057263601664,0.69026,0.66200,0.37043,0.71351,-0.68883,-0.10270,0.07668,-0.04188,0.35584,0.02706,
1619103057363644160,0.68598,0.69624,0.37174,0.71650,-0.68711,-0.09141,0.07845,-0.06922,0.33952,0.00134,
1619103057497034240,0.67869,0.73966,0.37170,0.70796,-0.69441,-0.09488,0.08713,-0.06354,0.29114,-0.00839,
1619103057563729664,0.67402,0.75936,0.37105,0.70592,-0.69560,-0.09763,0.09099,-0.07565,0.29543,-0.00725,
1619103057663773184,0.66795,0.79074,0.37009,0.70686,-0.69312,-0.10352,0.09596,-0.06320,0.32431,-0.01161,
1619103057763815424,0.66136,0.82494,0.36863,0.70060,-0.69676,-0.11346,0.10396,-0.04675,0.33980,-0.00499,
1619103057897206016,0.65734,0.87485,0.36845,0.69844,-0.69429,-0.12196,0.12355,-0.01201,0.38244,0.00548,
1619103058030596608,0.65471,0.92762,0.37012,0.69571,-0.69133,-0.13731,0.13855,-0.02456,0.38895,0.01765,
1619103058063944704,0.65325,0.94229,0.37076,0.69551,-0.69054,-0.14092,0.13984,-0.02835,0.37624,0.01765,
1619103058161783808,0.64919,0.97894,0.37245,0.69371,-0.68585,-0.15738,0.15365,-0.05004,0.35035,0.00716,
1619103058262531072,0.64232,1.01300,0.37071,0.68609,-0.68390,-0.17559,0.17530,-0.10617,0.33445,-0.04168,
1619103058363291136,0.63222,1.04787,0.36717,0.68052,-0.68708,-0.18538,0.17449,-0.07262,0.31533,-0.02808,
1619103058497661184,0.62180,1.09291,0.36378,0.68122,-0.68960,-0.17558,0.17192,-0.07948,0.35038,-0.02051,
1619103058564855552,0.61561,1.11781,0.36269,0.68101,-0.69087,-0.17303,0.17024,-0.09298,0.37879,-0.01327,
1619103058665659392,0.60501,1.15986,0.36198,0.68407,-0.69508,-0.15850,0.15422,-0.10040,0.38688,-0.00414,
1619103058766476288,0.59276,1.19951,0.36193,0.68711,-0.70060,-0.14067,0.13137,-0.12161,0.38779,0.00111,
1619103058900921600,0.57326,1.25248,0.36332,0.68830,-0.70967,-0.10536,0.10728,-0.15238,0.34130,0.01531,
1619103058968153600,0.56083,1.27807,0.36414,0.69163,-0.70877,-0.09651,0.09988,-0.16251,0.33318,0.01049,
1619103059069014016,0.54410,1.31116,0.36470,0.69665,-0.70564,-0.08924,0.09373,-0.14659,0.32294,-0.00682,
1619103059203515904,0.52555,1.35503,0.36361,0.69398,-0.71073,-0.07975,0.08307,-0.12232,0.30464,-0.00564,
1619103059270565632,0.51715,1.37910,0.36260,0.69224,-0.71275,-0.07944,0.08049,-0.13212,0.35725,-0.02550,
1619103059371268864,0.50541,1.41527,0.36090,0.68962,-0.71646,-0.07374,0.07530,-0.11025,0.36242,-0.02124,
1619103059471986176,0.49493,1.45245,0.35907,0.68820,-0.71829,-0.07299,0.07143,-0.09146,0.38683,-0.00055,
1619103059572715264,0.48659,1.49160,0.36005,0.69029,-0.71534,-0.07203,0.08126,-0.09488,0.40209,0.00981,
1619103059673458176,0.47552,1.53400,0.36080,0.69164,-0.71154,-0.08311,0.09182,-0.13545,0.41609,0.01238,
1619103059807800576,0.45481,1.59056,0.36548,0.68427,-0.71261,-0.11197,0.10688,-0.15331,0.36685,0.06233,
1619103059908571392,0.44000,1.62839,0.37103,0.68662,-0.70384,-0.13278,0.12461,-0.16950,0.34889,0.03879,
1619103059975759872,0.42928,1.65069,0.37317,0.68439,-0.70008,-0.14519,0.14291,-0.18847,0.29801,0.01864,
1619103060110152704,0.40378,1.69081,0.37264,0.67713,-0.69776,-0.16674,0.16375,-0.21247,0.27382,-0.01248,
1619103060177357568,0.39009,1.70666,0.37182,0.67155,-0.69614,-0.17912,0.17977,-0.21244,0.23990,-0.01141,
1619103060281007104,0.36604,1.73047,0.36977,0.66666,-0.69046,-0.19792,0.19915,-0.26592,0.23840,-0.01765,
1619103060380905984,0.33896,1.75206,0.36909,0.65937,-0.68618,-0.21873,0.21577,-0.26730,0.21166,0.00229,
1619103060514098944,0.30233,1.77693,0.37106,0.66162,-0.67202,-0.23132,0.23903,-0.30851,0.20894,0.02888,
1619103060580692736,0.28218,1.78687,0.37363,0.65629,-0.66910,-0.23967,0.25327,-0.30500,0.17213,0.03642,
1619103060680580864,0.25011,1.79945,0.37683,0.65072,-0.66222,-0.25379,0.27132,-0.31600,0.14056,0.02894,
1619103060780464128,0.21987,1.81002,0.37970,0.64697,-0.65428,-0.26137,0.29160,-0.30554,0.12062,0.01708,
1619103060880344064,0.18895,1.81666,0.38001,0.64297,-0.64585,-0.27407,0.30716,-0.30623,0.07727,-0.00889,
1619103060980219392,0.15678,1.82261,0.37765,0.63408,-0.64198,-0.29042,0.31853,-0.28843,0.07048,-0.02805,
1619103061080091648,0.13043,1.82632,0.37480,0.62595,-0.63706,-0.30780,0.32803,-0.24270,0.05545,-0.00996,
1619103061213248000,0.09396,1.83708,0.37301,0.61584,-0.62861,-0.32799,0.34353,-0.23386,0.07960,-0.01329,
1619103061279711488,0.07564,1.84254,0.37235,0.60965,-0.62355,-0.33801,0.35391,-0.23154,0.09193,-0.00960,
1619103061379616256,0.05154,1.85521,0.37228,0.60069,-0.61675,-0.35146,0.36778,-0.21653,0.12419,-0.00097,
1619103061479518464,0.03065,1.87096,0.37208,0.59424,-0.60820,-0.36250,0.38154,-0.21346,0.14785,-0.00029,
1619103061646012672,-0.00914,1.89799,0.37547,0.58444,-0.59172,-0.38801,0.39717,-0.20011,0.16067,0.03603,
1619103061679311104,-0.01735,1.90645,0.37636,0.58315,-0.58794,-0.39305,0.39971,-0.20297,0.16890,0.02959,
1619103061812497920,-0.04569,1.92988,0.37895,0.57432,-0.57392,-0.41350,0.41205,-0.19989,0.13860,0.01293,
1619103061879088896,-0.05811,1.93796,0.37972,0.57020,-0.56577,-0.42200,0.42034,-0.18344,0.08892,0.00475,
1619103061978971904,-0.08024,1.94800,0.37925,0.55564,-0.55788,-0.43832,0.43348,-0.20067,0.05654,-0.00522,
1619103062078852096,-0.10048,1.95409,0.37854,0.54442,-0.54948,-0.45203,0.44424,-0.20540,0.01417,-0.01156,
1619103062212019968,-0.13420,1.95578,0.37680,0.53770,-0.53867,-0.46120,0.45607,-0.23439,-0.02998,-0.01477,
1619103062311723776,-0.16237,1.95581,0.37507,0.52804,-0.53130,-0.47202,0.46486,-0.26280,-0.03052,-0.01543,
1619103062411653888,-0.19465,1.95448,0.37404,0.51785,-0.52746,-0.48017,0.47229,-0.28728,-0.02996,0.00119,
1619103062478272256,-0.22270,1.95769,0.37457,0.51423,-0.52436,-0.48249,0.47731,-0.31158,-0.04392,0.01462,
1619103062578195968,-0.26074,1.95780,0.37784,0.51487,-0.52187,-0.47961,0.48222,-0.33884,-0.04057,0.04386,
1619103062678117632,-0.29327,1.95139,0.38161,0.51232,-0.51957,-0.47964,0.48735,-0.31673,-0.08523,0.03823,
1619103062778034432,-0.32571,1.94505,0.38477,0.52213,-0.51083,-0.47852,0.48728,-0.30547,-0.07329,0.01931,
1619103062911252480,-0.36572,1.93889,0.38385,0.51934,-0.50821,-0.48395,0.48766,-0.28297,-0.04075,-0.02256,
1619103062977859072,-0.39012,1.94252,0.38332,0.51564,-0.51194,-0.48432,0.48731,-0.26239,-0.01791,0.01130,
1619103063077766912,-0.41885,1.94053,0.38246,0.50654,-0.51006,-0.49213,0.49099,-0.30578,-0.01441,-0.01624,
1619103063177670400,-0.46051,1.94668,0.38120,0.50687,-0.51021,-0.49198,0.49063,-0.33175,0.01840,-0.02134,
1619103063277561088,-0.50603,1.95582,0.37905,0.50546,-0.50698,-0.49807,0.48929,-0.37674,0.06209,-0.00324,
1619103063410763264,-0.55228,1.96525,0.38175,0.51009,-0.50084,-0.49429,0.49463,-0.36118,0.07713,0.03732,
1619103063477361664,-0.57600,1.97025,0.38427,0.50423,-0.49593,-0.50024,0.49956,-0.37851,0.06211,0.04623,
1619103063577254912,-0.62392,1.98521,0.38894,0.50773,-0.48535,-0.50383,0.50279,-0.36585,0.06464,0.04428,
1619103063677145600,-0.65857,1.98901,0.39259,0.50449,-0.47587,-0.51170,0.50715,-0.31528,0.02559,0.03109,
1619103063777031424,-0.69676,1.99558,0.39442,0.50266,-0.47277,-0.51255,0.51099,-0.28515,-0.00040,0.01589,
1619103063910206720,-0.74781,1.99950,0.39411,-0.49432,0.47533,0.51493,-0.51435,-0.31875,-0.03857,-0.01447,
1619103063976791808,-0.76874,1.99696,0.39332,-0.49016,0.47786,0.51786,-0.51304,-0.31484,-0.06430,-0.01235,
1619103064076666368,-0.81686,1.99582,0.39217,-0.48616,0.47235,0.52219,-0.51754,-0.34590,-0.06893,-0.00487,
1619103064176535808,-0.85195,1.98678,0.39203,-0.48559,0.47279,0.52152,-0.51836,-0.38484,-0.09776,0.01908,
1619103064309597184,-0.91305,1.97254,0.39678,0.47982,-0.48429,-0.51410,0.52051,-0.39742,-0.16055,0.04822,
1619103064409493248,-0.95148,1.95793,0.40248,0.48193,-0.48573,-0.50888,0.52236,-0.36598,-0.14928,0.05841,
1619103064476087808,-0.97930,1.94891,0.40406,0.49113,-0.48717,-0.49805,0.52288,-0.35958,-0.11298,0.01452,
1619103064575976448,-1.01530,1.94090,0.40336,0.49313,-0.49501,-0.49536,0.51615,-0.33910,-0.05883,-0.01369,
1619103064709155072,-1.06259,1.93388,0.40211,0.48980,-0.49995,-0.49816,0.51184,-0.32628,-0.04372,-0.00982,
1619103064809034496,-1.12599,1.93384,0.40104,0.49087,-0.49879,-0.49985,0.51030,-0.36565,-0.01248,-0.01850,
1619103064875618816,-1.16172,1.93378,0.39999,0.49290,-0.49863,-0.50063,0.50772,-0.37643,0.01149,-0.01002,
1619103064975490816,-1.22838,1.93711,0.39949,0.48678,-0.49720,-0.50082,0.51480,-0.43422,0.02808,-0.01470,
1619103065108647936,-1.28985,1.94394,0.40000,0.48216,-0.50028,-0.50151,0.51549,-0.45150,0.06112,0.02233,
1619103065208511232,-1.32911,1.94725,0.40101,0.47696,-0.49326,-0.51009,0.51866,-0.42282,0.02629,-0.00772,
1619103065274962944,-1.35322,1.94773,0.40106,-0.48243,0.49162,0.51705,-0.50816,-0.39496,0.03214,0.01623,
1619103065374865152,-1.39162,1.95479,0.40337,-0.48241,0.48471,0.51964,-0.51217,-0.36384,0.06709,0.02780,
1619103065474763776,-1.43119,1.95881,0.40384,-0.47566,0.48564,0.52426,-0.51289,-0.37105,0.01904,-0.00488,
1619103065574657792,-1.47224,1.95992,0.40467,-0.47519,0.48713,0.52598,-0.51015,-0.36348,0.04239,0.01396,
1619103065674548992,-1.54766,1.95803,0.40415,-0.47847,0.49366,0.52003,-0.50689,-0.39635,0.04081,0.03999,
1619103065774434816,-1.59341,1.95978,0.40754,0.48355,-0.49443,-0.50897,0.51251,-0.44487,0.00668,0.02589,
1619103065874317824,-1.63215,1.96301,0.40738,0.49009,-0.49673,-0.50027,0.51265,-0.43646,0.01517,0.03183,
1619103065974195712,-1.69647,1.95650,0.40695,0.49690,-0.50212,-0.49271,0.50814,-0.42630,-0.00769,0.02595,
1619103066140652032,-1.77066,1.95325,0.41116,0.50793,-0.50653,-0.48134,0.50373,-0.43097,-0.03793,0.02952,
1619103066173940992,-1.78963,1.95292,0.40908,0.51104,-0.50665,-0.47955,0.50216,-0.43589,-0.02333,0.01923,
1619103066273691648,-1.83554,1.95023,0.40535,0.50760,-0.50921,-0.48128,0.50142,-0.46554,-0.00339,0.00015,
1619103066373592576,-1.88020,1.94911,0.40505,-0.49779,0.50682,0.49137,-0.50387,-0.48110,0.00044,-0.01737,
1619103066473490176,-1.92513,1.95139,0.40296,0.49338,-0.50676,-0.49249,0.50718,-0.48117,0.04414,-0.01789,
1619103066573382912,-1.97420,1.95355,0.40020,0.48977,-0.50125,-0.49491,0.51375,-0.48613,0.06672,-0.02583,
1619103066673272320,-2.02359,1.96239,0.39873,0.48694,-0.49889,-0.49490,0.51871,-0.49425,0.12228,-0.00640,
1619103066773156864,-2.06228,1.96976,0.39850,0.47785,-0.49666,-0.50091,0.52352,-0.47138,0.09064,0.01536,
1619103066906331136,-2.12366,1.98166,0.40261,0.47102,-0.48892,-0.51064,0.52759,-0.45703,0.06783,0.04478,
1619103066972915200,-2.15310,1.98507,0.40161,0.47068,-0.48125,-0.51411,0.53155,-0.44396,0.04223,0.02256,
1619103067072788736,-2.19909,1.98622,0.40451,0.47209,-0.47510,-0.52403,0.52612,-0.47531,-0.00343,-0.02359,
1619103067172657152,-2.24290,1.98596,0.40261,-0.47187,0.47353,0.53151,-0.52019,-0.43166,0.01084,-0.01823,
1619103067272393472,-2.28692,1.98465,0.39997,-0.46856,0.47309,0.53107,-0.52403,-0.47132,-0.02316,-0.02172,
1619103067372296960,-2.33188,1.98057,0.40000,-0.46935,0.47207,0.53089,-0.52442,-0.47992,-0.04249,0.01197,
1619103067472197632,-2.37947,1.97617,0.40265,-0.47106,0.46959,0.52841,-0.52761,-0.48614,-0.05020,0.04249,
1619103067572092672,-2.43087,1.96495,0.40699,0.46559,-0.45865,-0.53054,0.53981,-0.44658,-0.09994,0.06745,
1619103067671985408,-2.47819,1.95199,0.41253,0.44307,-0.43564,-0.54514,0.56279,-0.48118,-0.17033,0.03026,
1619103067771872768,-2.52312,1.93080,0.41291,0.44700,-0.43123,-0.54839,0.55992,-0.43971,-0.16297,0.02132,
1619103067871757568,-2.56159,1.91130,0.41343,0.44887,-0.43023,-0.54815,0.55941,-0.38665,-0.13805,0.01561,
1619103068004930048,-2.60693,1.89563,0.41456,0.44352,-0.43184,-0.54942,0.56121,-0.32457,-0.10466,-0.00163,
1619103068104804608,-2.63782,1.88565,0.41384,0.43552,-0.42910,-0.55444,0.56461,-0.30499,-0.09075,-0.00048,
1619103068171385344,-2.65445,1.87306,0.41271,0.43055,-0.42380,-0.55719,0.56971,-0.31480,-0.09798,-0.00681,
1619103068304418304,-2.69387,1.85641,0.41106,0.42954,-0.41299,-0.56027,0.57535,-0.35974,-0.07680,0.00528,
1619103068371027200,-2.71580,1.84732,0.41117,0.42551,-0.41197,-0.56552,0.57395,-0.35936,-0.08408,0.02706,
1619103068470938624,-2.74485,1.83827,0.41387,0.42358,-0.40403,-0.57154,0.57505,-0.34457,-0.06122,0.03307,
1619103068570845696,-2.77866,1.83466,0.41680,0.41613,-0.39625,-0.57403,0.58336,-0.33154,-0.02872,0.02128,
1619103068670749952,-2.80418,1.83209,0.41575,0.41207,-0.38533,-0.58216,0.58550,-0.29885,-0.02416,-0.00201,
1619103068803949568,-2.84192,1.82331,0.41514,-0.40094,0.37223,0.59314,-0.59066,-0.25778,-0.08088,0.00001,
1619103068870547200,-2.84674,1.81578,0.41592,-0.38834,0.36210,0.60061,-0.59778,-0.20044,-0.11684,0.01162,
1619103068970440192,-2.86646,1.79846,0.41481,0.36848,-0.34316,-0.61029,0.61157,-0.19196,-0.16916,-0.00919,
1619103069103625984,-2.88554,1.77453,0.41556,0.35063,-0.33687,-0.61469,0.62107,-0.14452,-0.19023,0.01347,
1619103069170216448,-2.89140,1.76085,0.41573,0.34250,-0.32665,-0.61747,0.62828,-0.12201,-0.22441,0.00108,
1619103069270099968,-2.90453,1.73832,0.41580,0.33001,-0.31294,-0.62569,0.63377,-0.14339,-0.22208,0.01051,
1619103069367098368,-2.91365,1.71970,0.41607,0.32049,-0.30446,-0.63012,0.63839,-0.13318,-0.21309,0.00181,
1619103069468093184,-2.92293,1.69869,0.41573,-0.31259,0.29498,0.63858,-0.63835,-0.11442,-0.21546,0.00658,
1619103069569104896,-2.93080,1.67694,0.41766,-0.30007,0.28640,0.64507,-0.64173,-0.09078,-0.21939,0.04316,
1619103069737498112,-2.94168,1.63785,0.42341,0.28356,-0.27382,-0.64580,0.65388,-0.06071,-0.23220,0.03318,
1619103069771181824,-2.94243,1.63037,0.42381,0.28124,-0.27116,-0.64698,0.65483,-0.06134,-0.21087,0.03719,
1619103069872247296,-2.94882,1.60860,0.42668,0.26831,-0.26753,-0.64539,0.66326,-0.04518,-0.20810,0.02742,
1619103069973329664,-2.95260,1.58854,0.42926,0.25859,-0.26118,-0.64531,0.66970,-0.04522,-0.20804,0.01239,
1619103070108134144,-2.95957,1.56254,0.42955,0.24376,-0.24819,-0.65297,0.67276,-0.05108,-0.17227,-0.00059,
1619103070141840128,-2.96308,1.55637,0.42911,0.23946,-0.24657,-0.65437,0.67354,-0.06698,-0.17026,0.00177,
1619103070242969856,-2.97128,1.54116,0.42863,0.22778,-0.23782,-0.65831,0.67689,-0.06831,-0.13987,0.00363,
1619103070381451264,-2.98125,1.52194,0.42930,0.20401,-0.21502,-0.66828,0.68231,-0.07469,-0.14033,0.00561,
1619103070447982592,-2.98793,1.51673,0.42895,0.19693,-0.20444,-0.66887,0.68705,-0.10640,-0.12742,0.00478,
1619103070547774464,-3.00144,1.50341,0.42928,0.18003,-0.18540,-0.67664,0.68947,-0.09643,-0.12516,0.01609,
1619103070647558912,-3.01398,1.48869,0.43064,0.16640,-0.16606,-0.68082,0.69370,-0.10535,-0.12555,0.02900,
1619103070714077952,-3.02314,1.47679,0.43189,0.15657,-0.15366,-0.68286,0.69683,-0.09859,-0.12192,0.02648,
1619103070847107072,-3.03694,1.46087,0.43319,0.13751,-0.12523,-0.68390,0.70547,-0.08538,-0.09755,0.01027,
1619103070913617408,-3.04259,1.45387,0.43368,0.12547,-0.10914,-0.68611,0.70824,-0.07077,-0.07486,0.01232,
1619103071013377280,-3.04963,1.44308,0.43328,0.10468,-0.08379,-0.68704,0.71414,-0.06975,-0.10968,-0.00833,
1619103071113129472,-3.05533,1.43357,0.43276,0.08669,-0.06363,-0.69053,0.71527,-0.05176,-0.09477,-0.00283,
1619103071212875520,-3.05721,1.42305,0.43204,0.07206,-0.04584,-0.69396,0.71493,-0.02628,-0.12573,-0.01715,
1619103071312613632,-3.05545,1.41134,0.43013,0.05976,-0.02819,-0.70135,0.70975,-0.02098,-0.14817,-0.00944,
1619103071379076608,-3.05435,1.40151,0.42979,0.04961,-0.02274,-0.70176,0.71032,-0.00669,-0.14790,-0.00375,
1619103071478763264,-3.05229,1.38180,0.42855,0.03768,-0.01195,-0.70315,0.70994,0.01410,-0.18674,-0.00829,
1619103071611664640,-3.04735,1.34803,0.42600,-0.02331,-0.00116,0.70765,-0.70618,0.02150,-0.28033,-0.01357,
1619103071711329024,-3.04204,1.31700,0.42548,-0.01575,-0.00357,0.70838,-0.70564,0.02566,-0.32166,0.01374,
1619103071810985728,-3.03538,1.28579,0.42872,-0.00252,0.00110,0.71132,-0.70287,0.03754,-0.33719,0.04555,
1619103071877417984,-3.03274,1.26304,0.43091,0.00441,0.00275,0.71030,-0.70388,0.06114,-0.32989,0.02550,
1619103072010270720,-3.02150,1.22028,0.43306,-0.00469,0.01031,0.70810,-0.70603,0.05039,-0.31640,0.01283,
1619103072109899008,-3.01787,1.19019,0.43352,0.00438,-0.01387,-0.70575,0.70832,0.01432,-0.30503,-0.00447,
1619103072143106816,-3.01771,1.17949,0.43335,0.00418,-0.01562,-0.70624,0.70778,0.01015,-0.31433,-0.00932,
1619103072275927040,-3.01662,1.13246,0.43148,-0.00221,0.01752,0.71178,-0.70218,-0.00604,-0.32552,-0.01780,
1619103072343123712,-3.01856,1.10953,0.43047,-0.00236,0.01888,0.71385,-0.70004,-0.03714,-0.32684,-0.00826,
1619103072442932736,-3.02376,1.05871,0.42796,0.00241,0.01814,0.71474,-0.69915,-0.02759,-0.38954,-0.03015,
1619103072542736640,-3.02692,1.02235,0.42536,-0.00128,0.00593,0.71891,-0.69508,-0.06082,-0.36657,-0.00485,
1619103072642532864,-3.03435,0.99293,0.42687,0.00282,0.00345,0.71573,-0.69837,-0.10070,-0.37655,0.03386,
1619103072742323456,-3.04384,0.95091,0.42943,0.00746,0.00047,0.71847,-0.69551,-0.09790,-0.37593,0.04466,
1619103072808846848,-3.05046,0.92654,0.43207,0.00969,-0.00165,0.71390,-0.70018,-0.11509,-0.37930,0.02273,
1619103072908626176,-3.06265,0.88652,0.43096,0.01402,-0.00692,0.71453,-0.69943,-0.11923,-0.35872,-0.00072,
1619103073008399872,-3.07221,0.85007,0.43117,0.01395,-0.00897,0.71370,-0.70026,-0.10053,-0.33034,0.00316,
1619103073141420800,-3.08224,0.80183,0.42864,0.02085,-0.01412,0.71365,-0.70005,-0.06134,-0.33383,-0.00762,
1619103073207927296,-3.08633,0.78457,0.42846,0.02619,-0.01559,0.71359,-0.69990,-0.04494,-0.34545,-0.00663,
1619103073307680512,-3.08961,0.74816,0.42859,0.02886,-0.01802,0.71228,-0.70107,-0.02516,-0.36152,-0.00156,
1619103073407307008,-3.09064,0.69921,0.42676,0.02840,-0.02101,0.71294,-0.70034,-0.01676,-0.40933,0.00306,
1619103073540366848,-3.09007,0.63998,0.42953,0.03290,-0.02579,0.71190,-0.70104,0.00019,-0.43996,0.03183,
1619103073573629440,-3.08950,0.62488,0.43063,0.03368,-0.02281,0.71121,-0.70180,-0.01206,-0.43323,0.04172,
1619103073706674176,-3.09272,0.55691,0.43320,0.03691,-0.01532,0.70964,-0.70343,-0.00648,-0.48163,0.04583,
1619103073806449920,-3.09304,0.50059,0.43789,-0.04000,0.01187,-0.70308,0.70988,0.02240,-0.48953,0.02757,
1619103073906217728,-3.09203,0.44752,0.44061,-0.03370,0.00850,-0.70166,0.71167,-0.00180,-0.45748,0.01715,
1619103073972726272,-3.09568,0.39543,0.44086,-0.03077,0.00636,-0.70380,0.70970,-0.01645,-0.45533,0.00531,
1619103074072483584,-3.09785,0.34787,0.44069,0.03825,-0.01041,0.70727,-0.70583,-0.00374,-0.46007,-0.02109,
1619103074205482240,-3.10176,0.28487,0.43910,0.04095,-0.01014,0.70962,-0.70332,-0.04731,-0.44747,-0.00241,
1619103074238729472,-3.10136,0.27084,0.43824,0.03979,-0.00825,0.70815,-0.70489,-0.04152,-0.45422,-0.00598,
1619103074403924480,-3.10988,0.18438,0.43255,0.03564,-0.00624,0.70676,-0.70653,-0.09428,-0.52363,-0.02629,
1619103074437314304,-3.11395,0.16503,0.43235,0.03390,-0.00442,0.70728,-0.70610,-0.09825,-0.52395,-0.00467,
1619103074537491712,-3.12277,0.11599,0.43483,0.04086,-0.01561,0.70855,-0.70430,-0.07476,-0.50055,0.05852,
1619103074637677312,-3.12755,0.07299,0.44166,-0.03379,0.01943,-0.70219,0.71092,-0.09223,-0.46653,0.05393,
1619103074737873152,-3.13475,0.02120,0.44454,-0.03916,0.02276,-0.70113,0.71160,-0.05643,-0.42588,0.00891,
1619103074838077184,-3.14172,-0.04432,0.44439,-0.03726,0.02720,-0.70280,0.70989,-0.04470,-0.40454,0.00444,
1619103074904885248,-3.14346,-0.07305,0.44382,-0.03821,0.02941,-0.70361,0.70895,-0.01771,-0.41406,-0.00865,
1619103075038513920,-3.14307,-0.13285,0.44288,-0.03680,0.03475,-0.70429,0.70811,0.00563,-0.43488,-0.01010,
1619103075138746624,-3.14169,-0.19325,0.44154,-0.03396,0.03358,-0.70356,0.70903,0.01529,-0.47555,0.00697,
1619103075205573376,-3.14014,-0.22973,0.44238,-0.03504,0.03360,-0.70260,0.70993,0.02311,-0.51166,0.02452,
1619103075305820160,-3.13700,-0.27983,0.44572,-0.03881,0.02809,-0.70078,0.71177,0.03973,-0.54605,0.03035,
1619103075406107904,-3.13193,-0.32921,0.44853,-0.03781,0.02219,-0.70336,0.70948,0.04430,-0.53978,0.03741,
1619103075506358272,-3.12487,-0.36875,0.44965,-0.03020,0.01833,-0.70283,0.71048,0.03841,-0.52083,0.02366,
1619103075573198848,-3.12288,-0.40030,0.45130,-0.02734,0.01367,-0.70227,0.71125,0.02520,-0.51028,0.01312,
1619103075673469440,-3.12043,-0.44808,0.45126,-0.02231,0.00489,-0.70183,0.71198,-0.01065,-0.48692,-0.01758,
1619103075773750784,-3.12177,-0.49212,0.44884,0.02259,-0.00026,0.70850,-0.70535,-0.01015,-0.46483,-0.03129,
1619103075874044416,-3.11885,-0.54979,0.44279,0.02116,-0.00571,0.71200,-0.70184,-0.03015,-0.50975,-0.05029,
1619103076007787264,-3.12302,-0.61995,0.43621,0.02367,-0.00517,0.71142,-0.70235,-0.06092,-0.56438,-0.04110,
1619103076108106752,-3.13056,-0.67625,0.43443,0.02849,-0.01218,0.71188,-0.70162,-0.08281,-0.60569,0.01233,
1619103076174993408,-3.13508,-0.71823,0.43529,0.02925,-0.01588,0.70737,-0.70606,-0.10117,-0.62499,0.02771,
1619103076241885184,-3.14130,-0.76060,0.43751,0.03343,-0.02146,0.70932,-0.70377,-0.09794,-0.61095,0.03782,
1619103076343483648,-3.14788,-0.81658,0.44231,-0.02678,0.01974,-0.70630,0.70713,-0.11255,-0.56628,0.06679,
1619103076443428352,-3.15732,-0.87202,0.44732,-0.03996,0.02358,-0.70468,0.70801,-0.06209,-0.55046,0.01245,
1619103076543371008,-3.16289,-0.92356,0.44763,0.04130,-0.02657,0.70713,-0.70538,-0.04551,-0.51437,-0.00336,
1619103076643309568,-3.16385,-0.97255,0.44545,0.04706,-0.03168,0.70973,-0.70218,-0.00725,-0.55125,-0.03419,
1619103076776557568,-3.16282,-1.04412,0.44162,0.03961,-0.03317,0.71063,-0.70167,0.00857,-0.57130,-0.01980,
1619103076809869056,-3.15845,-1.04773,0.43942,0.03634,-0.03047,0.70876,-0.70385,0.01466,-0.57919,-0.01650,
1619103076909800192,-3.15684,-1.11016,0.44071,0.04168,-0.03076,0.71364,-0.69860,0.05952,-0.63178,0.03041,
1619103077009729280,-3.14645,-1.17735,0.44471,0.03489,-0.02828,0.71104,-0.70172,0.10272,-0.66206,0.04345,
1619103077109654784,-3.13646,-1.23744,0.44956,0.02608,-0.01880,0.71119,-0.70226,0.05279,-0.63716,0.05537,
1619103077209578240,-3.13154,-1.29785,0.45312,0.01756,-0.00450,0.70790,-0.70608,0.03789,-0.58360,0.00921,
1619103077309497856,-3.12883,-1.34581,0.45188,0.01349,0.00356,0.71272,-0.70131,0.01344,-0.60065,-0.02840,
1619103077475995648,-3.12481,-1.43857,0.44247,0.00288,0.00722,0.72405,-0.68971,-0.01054,-0.57479,-0.04376,
1619103077509307392,-3.12303,-1.46168,0.44089,0.00351,0.00769,0.72215,-0.69169,-0.00435,-0.58410,-0.05867,
1619103077575930880,-3.12141,-1.50056,0.43721,0.00381,0.00663,0.72006,-0.69387,-0.01586,-0.61860,-0.06120,
1619103077675864064,-3.12288,-1.56416,0.43378,0.01362,-0.00453,0.72320,-0.69049,-0.00603,-0.62615,-0.01288,
1619103077775793664,-3.12542,-1.62606,0.43391,0.01703,-0.01218,0.71089,-0.70299,-0.04653,-0.65609,0.02301,
1619103077875720704,-3.12789,-1.68711,0.43926,0.01644,-0.01616,0.71487,-0.69887,-0.07228,-0.61655,0.06565,
1619103077975644160,-3.13407,-1.74690,0.44480,-0.03420,0.01749,-0.69936,0.71374,-0.06188,-0.54846,0.07031,
1619103078108870912,-3.13962,-1.81949,0.44949,-0.08254,0.03476,-0.69348,0.71488,0.02383,-0.55405,0.02043,
1619103078142177536,-3.13736,-1.83551,0.44894,-0.08018,0.03552,-0.69305,0.71554,0.04757,-0.59050,-0.01070,
1619103078242092800,-3.12893,-1.87987,0.44662,-0.05466,0.03689,-0.70266,0.70847,0.05545,-0.57798,-0.02486,
1619103078375192064,-3.12315,-1.95568,0.44386,-0.04606,0.02626,-0.70128,0.71091,0.04444,-0.53342,0.00520,
1619103078441827328,-3.11925,-1.98899,0.44462,-0.05599,0.02271,-0.69696,0.71456,0.08693,-0.58695,0.00308,
1619103078541778944,-3.10833,-2.04496,0.44589,-0.03741,0.01628,-0.70275,0.71026,0.09921,-0.59011,0.02731,
1619103078641727232,-3.10005,-2.10321,0.44901,-0.01848,0.00561,-0.70072,0.71318,0.08635,-0.56232,0.04012,
1619103078741674496,-3.08867,-2.15665,0.44899,-0.00054,-0.00171,-0.69964,0.71449,0.09220,-0.55869,-0.00039,
1619103078808304384,-3.08274,-2.18853,0.44887,0.01467,-0.00722,-0.70400,0.71001,0.03474,-0.53571,-0.01641,
1619103078908246272,-3.07822,-2.23446,0.44748,-0.01113,0.01047,0.71601,-0.69792,0.00424,-0.49681,-0.00859,
1619103079008187136,-3.07728,-2.28524,0.44499,-0.01407,0.01274,0.71715,-0.69666,-0.00568,-0.51410,-0.03992,
1619103079108124416,-3.07561,-2.31900,0.44129,-0.02158,0.01310,0.71769,-0.69591,-0.00225,-0.54476,-0.06127,
1619103079241371648,-3.07927,-2.39245,0.43624,-0.01755,-0.00222,0.71715,-0.69669,-0.04414,-0.61054,-0.00508,
1619103079307993600,-3.08187,-2.44509,0.43835,-0.01310,-0.00441,0.71383,-0.70019,-0.05880,-0.60566,0.03601,
1619103079441219072,-3.08908,-2.52456,0.44482,0.01286,0.00634,-0.70076,0.71325,-0.05595,-0.63418,0.06905,
1619103079474531840,-3.09040,-2.54543,0.44727,0.01189,0.00604,-0.69931,0.71470,-0.03830,-0.63638,0.05572,
1619103079574466816,-3.09110,-2.59619,0.45339,0.00895,0.00959,-0.69699,0.71696,-0.01942,-0.56180,0.01362,
1619103079707709440,-3.09162,-2.66793,0.45321,0.01374,0.01580,-0.69764,0.71614,-0.01978,-0.52348,0.00074,
1619103079774328832,-3.09316,-2.70002,0.45269,0.00999,0.01548,-0.70019,0.71372,-0.00406,-0.55153,-0.02403,
1619103079874256128,-3.09242,-2.75551,0.44949,0.00697,0.01581,-0.70440,0.70960,0.04993,-0.55216,-0.01604,
1619103079974179328,-3.08785,-2.81189,0.44821,0.00868,0.01027,-0.70258,0.71148,0.05170,-0.58478,-0.00448,
1619103080107406080,-3.07497,-2.88213,0.45001,-0.00435,0.00354,-0.70523,0.70895,0.10146,-0.62687,0.02042,
1619103080140712960,-3.07074,-2.90149,0.45094,0.00010,-0.00142,-0.70555,0.70866,0.10854,-0.63712,0.02495,
1619103080273933312,-3.05592,-2.97716,0.45490,0.00735,-0.01173,-0.70231,0.71174,0.09325,-0.60040,0.03199,
1619103080373840896,-3.04952,-3.03360,0.45727,0.01013,-0.01440,-0.70328,0.71070,0.05684,-0.55313,0.02161,
1619103080473743104,-3.03991,-3.08357,0.45559,-0.00770,0.01255,0.70861,-0.70545,0.06964,-0.56794,-0.01452,
1619103080540342272,-3.03616,-3.11663,0.45400,-0.01134,0.01261,0.70987,-0.70412,0.03016,-0.56273,-0.03064,
1619103080640237056,-3.03288,-3.17264,0.44923,-0.00895,0.01575,0.71529,-0.69859,-0.02420,-0.56570,-0.04078,
1619103080740129024,-3.03565,-3.23224,0.44414,-0.00860,0.01673,0.71519,-0.69868,-0.03861,-0.63247,-0.04860,
1619103080840015616,-3.04024,-3.29272,0.43994,-0.00423,0.01255,0.71568,-0.69831,-0.06713,-0.63888,-0.01582,
1619103080906605056,-3.04484,-3.33721,0.43912,0.00021,0.00774,0.71283,-0.70129,-0.05842,-0.65700,0.00208,
1619103081006486272,-3.04787,-3.40350,0.44122,-0.00063,0.00051,0.71085,-0.70334,-0.03877,-0.64148,0.03389,
1619103081106362368,-3.05184,-3.46491,0.44238,0.00880,-0.00231,-0.70659,0.70757,-0.04190,-0.61595,0.00837,
1619103081206235392,-3.05467,-3.52261,0.44225,0.00303,-0.00457,0.71149,-0.70267,0.00992,-0.56215,-0.01175,
1619103081339435264,-3.05577,-3.59830,0.44132,-0.00244,-0.00551,0.71362,-0.70051,0.02224,-0.58782,-0.04112,
1619103081406228224,-3.05449,-3.63482,0.43830,0.00172,-0.00381,0.71504,-0.69907,0.04497,-0.59999,-0.04741,
1619103081539477760,-3.04521,-3.71645,0.43210,-0.00089,-0.00553,0.71909,-0.69489,0.06517,-0.65378,-0.01860,
1619103081572788736,-3.04297,-3.73794,0.43172,0.00015,-0.00316,0.71994,-0.69403,0.06113,-0.67505,0.00590,
1619103081672722176,-3.03367,-3.80164,0.43318,0.00605,-0.00031,0.72008,-0.69387,0.13103,-0.69784,0.03677,
1619103081805960960,-3.01600,-3.89503,0.43925,0.00260,0.00311,0.71908,-0.69491,0.13003,-0.70551,0.04684,
1619103081872578560,-3.00676,-3.94102,0.44196,0.00385,0.00570,0.72059,-0.69333,0.12804,-0.67224,0.03491,
1619103082005809664,-2.99689,-4.01839,0.44427,-0.00566,0.01405,0.72113,-0.69263,0.08046,-0.62813,-0.00372,
1619103082072422912,-2.99301,-4.05593,0.44401,-0.00225,0.01318,0.72396,-0.68971,0.06096,-0.59134,-0.01418,
1619103082172340480,-2.98796,-4.11294,0.44034,-0.00181,0.01538,0.72687,-0.68660,0.03664,-0.63468,-0.04327,
1619103082272256000,-2.98510,-4.17677,0.43576,-0.00200,0.01496,0.72374,-0.68991,0.03790,-0.68039,-0.04948,
1619103082338782976,-2.98342,-4.21965,0.43188,0.00097,0.00678,0.72551,-0.68817,-0.00240,-0.68648,-0.01250,
1619103082472032000,-2.98482,-4.31134,0.43544,0.01418,-0.00217,0.72000,-0.69383,0.01293,-0.70443,0.07540,
1619103082571964416,-2.98409,-4.37596,0.44359,0.01230,0.00307,0.71241,-0.70165,-0.01204,-0.70181,0.06752,
1619103082671895040,-2.98206,-4.44001,0.44752,0.01443,0.00523,0.71345,-0.70054,0.03539,-0.65083,-0.00990,
1619103082738513408,-2.97848,-4.47198,0.44560,0.01153,0.00100,0.71858,-0.69535,0.05040,-0.61396,-0.03241,
1619103082871746304,-2.97239,-4.55451,0.44056,0.00588,-0.00549,0.72069,-0.69321,0.07000,-0.64433,-0.03741,
1619103082905052928,-2.97025,-4.56866,0.43961,0.01014,-0.00932,0.72249,-0.69124,0.09047,-0.63128,-0.02628,
1619103083004973568,-2.95672,-4.63147,0.43715,0.01202,-0.01235,0.72118,-0.69253,0.16656,-0.67293,-0.01499,
1619103083138195456,-2.93492,-4.70774,0.43955,0.00313,-0.00657,0.71814,-0.69586,0.18565,-0.67490,0.03391,
1619103083204804352,-2.92236,-4.75269,0.44221,-0.00364,-0.00003,0.72168,-0.69222,0.17809,-0.66127,0.04477,
1619103083304592128,-2.90369,-4.81051,0.44509,0.00195,-0.00111,0.71974,-0.69424,0.17926,-0.63054,0.00316,
1619103083404537344,-2.88830,-4.87276,0.44346,-0.00626,0.00080,0.72201,-0.69185,0.10327,-0.58279,-0.02581,
1619103083504478720,-2.88048,-4.92974,0.44065,-0.00109,0.00504,0.72610,-0.68757,0.07809,-0.58158,-0.04416,
1619103083637730048,-2.86838,-4.99917,0.43162,-0.00644,0.00425,0.73201,-0.68125,0.04873,-0.59398,-0.04140,
1619103083671042560,-2.86666,-5.01885,0.42971,-0.00500,0.00458,0.73088,-0.68248,0.03514,-0.60929,-0.04422,
1619103083804288000,-2.86580,-5.09692,0.42545,-0.00175,0.00126,0.73024,-0.68319,-0.01132,-0.67923,-0.00712,
1619103083870908416,-2.86774,-5.13836,0.42597,-0.00329,0.00049,0.72567,-0.68804,-0.03891,-0.68890,0.02414,
1619103083970836480,-2.87149,-5.20745,0.43051,0.00161,-0.00383,0.72299,-0.69085,-0.03019,-0.70555,0.06115,
1619103084070762496,-2.87120,-5.26511,0.43725,0.00038,-0.00415,0.71936,-0.69463,-0.03839,-0.66611,0.07822,
1619103084203992064,-2.87359,-5.35155,0.44331,0.00280,-0.00844,0.71850,-0.69548,-0.01367,-0.60907,0.01668,
1619103084237298176,-2.87354,-5.36238,0.44354,0.00308,-0.00602,0.71652,-0.69753,-0.00440,-0.57844,-0.00024,
1619103084337148928,-2.87254,-5.42153,0.44332,0.00967,-0.00103,0.71447,-0.69960,0.04815,-0.62191,-0.02393,
1619103084437086464,-2.86676,-5.48442,0.44166,0.01197,-0.00611,0.71851,-0.69539,0.06060,-0.62511,-0.02044,
1619103084570333184,-2.85938,-5.55935,0.44023,0.01160,-0.01192,0.71713,-0.69674,0.08679,-0.62244,-0.02114,
1619103084670264832,-2.85050,-5.62202,0.43861,0.00911,-0.00944,0.71893,-0.69496,0.09250,-0.65905,-0.00334,
1619103084770192640,-2.84160,-5.67430,0.43984,0.01161,-0.00713,0.72106,-0.69274,0.11072,-0.67199,0.01205,
1619103084836809984,-2.83358,-5.71785,0.44017,0.00274,-0.00136,0.72379,-0.69002,0.10761,-0.63224,0.00581,
1619103084903425792,-2.82725,-5.75989,0.43979,-0.00259,0.00306,0.72117,-0.69275,0.09931,-0.61295,-0.01681,
1619103085036653312,-2.81593,-5.83173,0.43729,-0.00346,0.00471,0.72942,-0.68404,0.08046,-0.57086,-0.02649,
1619103085103265024,-2.81069,-5.86906,0.43535,0.00065,-0.00016,0.73000,-0.68345,0.09726,-0.58554,-0.03335,
1619103085203180544,-2.80525,-5.92155,0.43356,-0.00002,-0.00332,0.73069,-0.68271,0.06099,-0.60448,-0.03812,
1619103085303092224,-2.79994,-5.98425,0.42797,-0.00335,-0.00648,0.72691,-0.68669,0.02759,-0.68153,-0.05871,
1619103085401463552,-2.80291,-6.03572,0.42592,-0.00329,-0.00918,0.72852,-0.68496,-0.02012,-0.68692,0.01040,
1619103085502009344,-2.80443,-6.10747,0.42722,-0.01335,-0.00101,0.72179,-0.69198,-0.00158,-0.74697,0.01397,
1619103085602578432,-2.80674,-6.17917,0.43132,-0.01228,-0.00681,0.72585,-0.68771,-0.03264,-0.64947,0.07050,
1619103085736705280,-2.80546,-6.26477,0.43819,-0.00575,-0.01338,0.71976,-0.69407,0.00546,-0.63210,0.00950,
1619103085770242816,-2.80572,-6.28669,0.43992,-0.00194,-0.01764,0.72341,-0.69020,0.00118,-0.61358,0.02549,
1619103085870872576,-2.80700,-6.33313,0.44567,0.00442,-0.01052,0.71990,-0.69399,0.02760,-0.62371,0.00386,
1619103085971524096,-2.80211,-6.39600,0.44343,-0.00564,-0.00661,0.72024,-0.69367,0.04839,-0.62537,-0.03849,
1619103086072199168,-2.79704,-6.46407,0.43997,-0.01299,-0.00437,0.72076,-0.69305,0.05047,-0.65167,-0.03428,
1619103086172896000,-2.79346,-6.51850,0.43880,-0.01385,-0.00352,0.71881,-0.69506,0.09058,-0.65123,-0.00849,
1619103086240039936,-2.78834,-6.56195,0.43947,-0.01319,-0.00684,0.71907,-0.69478,0.08884,-0.68845,0.02054,
1619103086342982400,-2.77950,-6.62273,0.44236,-0.02405,0.00331,0.72237,-0.69108,0.07930,-0.65439,0.03343,
1619103086443025664,-2.77188,-6.68616,0.44419,-0.01594,0.00428,0.71915,-0.69466,0.09942,-0.63272,0.00017,
1619103086543069952,-2.75958,-6.74346,0.44418,-0.02024,0.00263,0.72522,-0.68821,0.12431,-0.59609,-0.01235,
1619103086676461824,-2.74710,-6.81718,0.44402,-0.02367,-0.00046,0.72653,-0.68673,0.06921,-0.60723,-0.01749,
1619103086743157504,-2.74352,-6.85521,0.44231,-0.02459,0.00184,0.73039,-0.68259,0.04482,-0.60892,-0.01766,
1619103086809853696,-2.74399,-6.88684,0.44213,-0.02516,0.00666,0.72945,-0.68354,0.02771,-0.59510,-0.00437,
1619103086909897216,-2.74099,-6.95204,0.44028,-0.01370,0.00328,0.72561,-0.68796,0.05028,-0.66306,-0.02037,
1619103087009941248,-2.73635,-7.02145,0.44052,-0.01523,-0.00508,0.72251,-0.69118,0.03030,-0.67754,0.02994,
1619103087109984512,-2.73569,-7.08921,0.44598,-0.00254,-0.01254,0.71761,-0.69632,0.02146,-0.69305,0.06101,
1619103087210028800,-2.73085,-7.14307,0.45255,-0.00098,-0.01607,0.71935,-0.69447,-0.03470,-0.62030,0.07785,
1619103087343432704,-2.73556,-7.21111,0.45865,0.00148,-0.01698,0.71337,-0.70058,-0.00170,-0.58492,-0.01692,
1619103087476818688,-2.73785,-7.28474,0.45553,-0.00284,-0.01963,0.71667,-0.69714,-0.00834,-0.54598,-0.04105,
1619103087510164992,-2.73758,-7.29833,0.45349,-0.00327,-0.01981,0.71705,-0.69673,0.00900,-0.56501,-0.05413,
1619103087576857856,-2.73678,-7.33584,0.44994,-0.00404,-0.02111,0.72112,-0.69247,0.02961,-0.56937,-0.05547,
1619103087710243840,-2.72863,-7.41175,0.44305,-0.01565,-0.01852,0.72350,-0.68990,0.05485,-0.61379,-0.02454,
1619103087810283776,-2.71928,-7.46161,0.44207,-0.01014,-0.01452,0.72695,-0.68646,0.11187,-0.60455,0.02486,
1619103087876976384,-2.71194,-7.49186,0.44482,-0.01846,-0.01118,0.72626,-0.68708,0.14513,-0.61742,0.04445,
1619103087977015552,-2.69806,-7.55338,0.44919,-0.02103,-0.01269,0.72527,-0.68803,0.14034,-0.61132,0.03563,
1619103088077054976,-2.68127,-7.61125,0.45078,-0.02013,-0.00711,0.72480,-0.68863,0.16631,-0.57021,-0.00617,
1619103088143747840,-2.66991,-7.64725,0.44987,-0.02563,-0.00445,0.72291,-0.69045,0.14509,-0.55988,-0.02342,
1619103088243785984,-2.65767,-7.70389,0.44685,-0.02629,-0.00205,0.72747,-0.68564,0.11465,-0.57834,-0.03122,
1619103088343816704,-2.65212,-7.75178,0.44423,-0.01740,-0.00255,0.73239,-0.68066,0.10571,-0.56878,-0.03257,
1619103088477205760,-2.63979,-7.82753,0.43840,-0.01489,0.00022,0.73141,-0.68177,0.08031,-0.62504,-0.05860,
1619103088543900160,-2.63574,-7.86927,0.43390,-0.02001,-0.00262,0.73136,-0.68169,0.02580,-0.65434,-0.04133,
1619103088643941376,-2.63589,-7.93903,0.43060,-0.03040,0.00253,0.72943,-0.68337,-0.04938,-0.70127,-0.00103,
1619103088743983616,-2.64170,-8.01192,0.43389,-0.02790,0.00618,0.72620,-0.68689,-0.01943,-0.72715,0.05782,
1619103088810677760,-2.64275,-8.05209,0.43990,-0.02256,-0.00053,0.72630,-0.68700,0.00226,-0.69077,0.07582,
1619103088944066048,-2.64258,-8.14011,0.44784,-0.03502,0.00398,0.71921,-0.69390,0.00861,-0.64136,0.03361,
1619103089010760448,-2.64097,-8.17580,0.44727,-0.02877,-0.00354,0.72258,-0.69068,0.03250,-0.62653,-0.00784,
1619103089110800896,-2.64232,-8.23310,0.44698,-0.03523,0.00244,0.72342,-0.68951,0.00674,-0.61589,-0.00483,
1619103089244189184,-2.63889,-8.31486,0.44397,-0.03504,0.00467,0.72453,-0.68833,0.06474,-0.66258,-0.03555,
1619103089310883328,-2.63412,-8.35976,0.44193,-0.03724,0.00034,0.72557,-0.68714,0.08503,-0.68147,-0.02996,
1619103089444270848,-2.62435,-8.44769,0.44084,-0.04045,-0.00325,0.72631,-0.68617,0.10717,-0.67710,0.02504,
1619103089477618176,-2.62069,-8.46998,0.44181,-0.04037,-0.00460,0.72613,-0.68636,0.11899,-0.68420,0.03854,
1619103089577658624,-2.61132,-8.53595,0.44536,-0.04984,0.00222,0.72526,-0.68666,0.08203,-0.69320,0.01045,
1619103089711046656,-2.59863,-8.62445,0.44349,-0.05172,0.01017,0.72801,-0.68354,0.09685,-0.65862,-0.04978,
1619103089777740800,-2.59349,-8.66340,0.44084,-0.05569,0.00848,0.73381,-0.67701,0.05622,-0.62673,-0.04001,
1619103089911128576,-2.58999,-8.74151,0.43711,-0.04394,0.00460,0.73604,-0.67550,-0.00810,-0.63592,-0.02033,
1619103089977822208,-2.59105,-8.78348,0.43494,-0.03967,0.00796,0.73294,-0.67909,-0.03621,-0.66512,-0.03203,
1619103090077863424,-2.59804,-8.84483,0.43150,-0.03271,0.00912,0.72740,-0.68537,-0.05333,-0.68635,-0.02422,
1619103090177903616,-2.60468,-8.91406,0.43020,-0.03220,0.00337,0.72183,-0.69131,-0.08681,-0.72525,-0.00648,
1619103090277944832,-2.61404,-8.97990,0.43310,-0.02567,-0.00861,0.72951,-0.68343,-0.08859,-0.65731,0.06921,
1619103090344644608,-2.61645,-9.01845,0.43715,-0.02622,-0.01015,0.72184,-0.69149,-0.04980,-0.64525,0.07620,
1619103090444682496,-2.61781,-9.07960,0.44118,-0.02265,-0.02226,0.72350,-0.68959,0.00770,-0.61309,0.03249,
1619103090544721664,-2.61591,-9.13355,0.44342,-0.02253,-0.02685,0.72335,-0.68959,0.04290,-0.58376,-0.00003,
1619103090644759296,-2.60801,-9.18897,0.44268,-0.02120,-0.03436,0.72578,-0.68674,0.08920,-0.56372,-0.00794,
1619103090744798208,-2.59797,-9.24756,0.44130,-0.02147,-0.03505,0.72432,-0.68824,0.11771,-0.61282,-0.01829,
1619103090811490048,-2.59210,-9.28054,0.44117,-0.02010,-0.03249,0.72293,-0.68987,0.10987,-0.60620,0.01106,
1619103090911527424,-2.57908,-9.34227,0.44296,-0.01101,-0.03482,0.72046,-0.69253,0.15057,-0.63347,0.02697,
1619103091011565568,-2.56415,-9.40762,0.44682,-0.02557,-0.02216,0.72089,-0.69222,0.13002,-0.63754,0.03850,
1619103091111602432,-2.55034,-9.46623,0.44989,-0.02771,-0.01329,0.71847,-0.69487,0.14255,-0.60868,-0.00115,
1619103091211640320,-2.53609,-9.52089,0.44929,-0.03511,-0.00554,0.72106,-0.69196,0.10384,-0.54102,-0.02599,
1619103091311676928,-2.52697,-9.57445,0.44613,-0.03240,-0.00464,0.72807,-0.68472,0.08671,-0.52083,-0.02282,
1619103091445204992,-2.51835,-9.64449,0.44453,-0.03364,0.00005,0.72963,-0.68301,0.04006,-0.54580,-0.01930,
1619103091478588160,-2.51794,-9.65793,0.44402,-0.03187,0.00239,0.72810,-0.68473,0.03857,-0.55866,-0.03379,
1619103091578736640,-2.51262,-9.71585,0.44027,-0.03323,0.00014,0.73045,-0.68215,0.06270,-0.60410,-0.03840,
1619103091678888192,-2.50878,-9.77468,0.43835,-0.03324,-0.00606,0.72666,-0.68616,0.00502,-0.59612,-0.00605,
1619103091779040512,-2.51034,-9.83270,0.44073,-0.02624,-0.00712,0.72312,-0.69018,0.02435,-0.62689,0.04415,
1619103091912580608,-2.50766,-9.91441,0.44888,-0.02688,-0.01759,0.71955,-0.69370,-0.02150,-0.61082,0.07929,
1619103092012738816,-2.51042,-9.97148,0.45606,-0.01009,-0.01113,0.71639,-0.69754,0.02359,-0.56246,0.01879,
1619103092046124544,-2.51028,-9.99117,0.45575,-0.00501,-0.01487,0.71850,-0.69535,0.06243,-0.55879,-0.01376,
1619103092146285056,-2.50432,-10.04437,0.45404,-0.01954,-0.01814,0.72036,-0.69309,0.04134,-0.55076,-0.02914,
1619103092279834880,-2.50052,-10.11841,0.45088,-0.02345,-0.01883,0.72366,-0.68950,0.04798,-0.56437,-0.01326,
1619103092346633216,-2.49578,-10.15685,0.45080,-0.02316,-0.02270,0.72380,-0.68924,0.10392,-0.57433,0.01521,
1619103092480012544,-2.48337,-10.23198,0.45473,-0.03556,-0.01074,0.72074,-0.69221,0.08972,-0.53881,0.05912,
1619103092546702336,-2.47646,-10.26764,0.45993,-0.03267,-0.00880,0.72120,-0.69190,0.13234,-0.54311,0.09653,
1619103092646736384,-2.46551,-10.31623,0.46939,-0.04289,0.00130,0.71247,-0.70039,0.14690,-0.53227,0.06723,
1619103092746771200,-2.45335,-10.36997,0.47382,-0.04619,0.00610,0.71250,-0.70012,0.10226,-0.50338,0.03121,
1619103092813460224,-2.44589,-10.40211,0.47556,-0.05566,0.01696,0.70884,-0.70297,0.05888,-0.43803,0.01476,
1619103092913493760,-2.44400,-10.44447,0.47643,-0.06025,0.03189,0.70874,-0.70217,0.00330,-0.38505,0.00153,
1619103093013527808,-2.43835,-10.48617,0.47391,-0.06332,0.02599,0.71179,-0.69905,0.03814,-0.40674,-0.03901,
1619103093146905600,-2.43711,-10.53886,0.46939,-0.06576,0.02772,0.71422,-0.69627,-0.00706,-0.43463,-0.03420,
1619103093213594368,-2.43793,-10.56808,0.46711,-0.06176,0.02535,0.71333,-0.69764,0.00452,-0.44980,-0.02594,
1619103093313632256,-2.43367,-10.61758,0.46424,-0.06190,0.01696,0.71006,-0.70121,0.01321,-0.54260,-0.02735,
1619103093380320000,-2.43290,-10.65411,0.46342,-0.05804,0.01230,0.70919,-0.70252,-0.00982,-0.54881,0.00178,
1619103093480352000,-2.43770,-10.70536,0.46477,-0.04497,0.01164,0.70864,-0.70404,-0.01977,-0.61988,0.00990,
1619103093580382464,-2.43693,-10.76540,0.46701,-0.05411,0.00807,0.71045,-0.70162,-0.04334,-0.56827,0.04025,
1619103093713756672,-2.43711,-10.83583,0.47046,-0.04708,0.00096,0.71004,-0.70258,0.03394,-0.45165,0.01318,
1619103093780443648,-2.43549,-10.86389,0.47176,-0.04112,-0.01154,0.71071,-0.70219,0.05366,-0.37454,0.01305,
1619103093880474368,-2.42820,-10.90017,0.47251,-0.04405,-0.01023,0.70945,-0.70330,0.06343,-0.36838,0.00037,
1619103093980503552,-2.42182,-10.93446,0.47306,-0.03299,-0.01920,0.71381,-0.69929,0.09835,-0.30512,0.00553,
1619103094047190016,-2.41500,-10.95467,0.47374,-0.03114,-0.02525,0.71339,-0.69962,0.10277,-0.28727,0.01336,
1619103094180562176,-2.39996,-10.98856,0.47635,-0.02257,-0.02859,0.71485,-0.69833,0.13256,-0.23083,0.02519,
1619103094247248128,-2.38961,-11.00475,0.47815,-0.01635,-0.03339,0.71197,-0.70123,0.20239,-0.22043,0.01604,
1619103094347263488,-2.36832,-11.02467,0.48038,0.00007,-0.05390,0.71187,-0.70024,0.25938,-0.16908,0.02586,
1619103094447296256,-2.33707,-11.04205,0.48166,0.01806,-0.07609,0.70772,-0.70215,0.30063,-0.12731,0.01603,
1619103094547329280,-2.30493,-11.05531,0.48268,0.03923,-0.09222,0.70790,-0.69917,0.33293,-0.07221,0.02435,
1619103094647361024,-2.26889,-11.06100,0.48345,0.06057,-0.11304,0.70181,-0.70073,0.36917,-0.03636,0.00617,
1619103094714049024,-2.24391,-11.06636,0.48257,0.07514,-0.12909,0.69919,-0.69915,0.36127,-0.01871,-0.00976,
1619103094814081280,-2.20956,-11.06706,0.48106,-0.09811,0.15515,-0.69506,0.69512,0.31742,0.00067,-0.01466,
1619103094914112256,-2.18053,-11.06662,0.48075,0.11871,-0.17340,0.69178,-0.69086,0.27102,0.00398,-0.00934,
1619103095014144000,-2.15580,-11.06652,0.48007,0.14097,-0.19224,0.68980,-0.68363,0.22464,0.00443,-0.00709,
1619103095147518720,-2.12578,-11.06559,0.47801,0.16078,-0.21761,0.68442,-0.67703,0.22337,-0.00660,-0.00876,
1619103095247548416,-2.10234,-11.06834,0.47737,0.17957,-0.23470,0.67953,-0.67149,0.20842,-0.01199,-0.00796,
1619103095314235136,-2.08712,-11.06964,0.47629,0.19059,-0.24645,0.67445,-0.66937,0.21999,-0.03604,-0.01828,
1619103095380912640,-2.07314,-11.07100,0.47591,0.20417,-0.26218,0.67259,-0.66121,0.19842,-0.02524,0.00936,
1619103095480946176,-2.05609,-11.07271,0.47863,0.22624,-0.28058,0.66302,-0.65613,0.18020,-0.03670,0.02945,
1619103095580978944,-2.03762,-11.07548,0.48105,0.25076,-0.30123,0.65146,-0.64960,0.16372,-0.03842,0.01365,
1619103095681011712,-2.02178,-11.07754,0.48220,0.27348,-0.32557,0.64101,-0.63900,0.14311,-0.03475,0.02017,
1619103095781043456,-2.00862,-11.07950,0.48270,-0.29292,0.34664,-0.62781,0.63237,0.14152,-0.04039,-0.00668,
1619103095914419456,-1.99370,-11.08338,0.48158,-0.31537,0.37469,-0.61362,0.61937,0.13073,-0.02328,-0.01683,
1619103095981106944,-1.98570,-11.08357,0.48032,-0.32662,0.39067,-0.60527,0.61184,0.13092,-0.00563,-0.02227,
1619103096047794432,-1.97861,-11.08383,0.47939,-0.33630,0.40464,-0.59782,0.60479,0.12657,-0.00635,-0.00797,
1619103096181169152,-1.96377,-11.08019,0.47796,-0.35895,0.43066,-0.57976,0.59124,0.12404,0.04874,-0.01612,
1619103096247856128,-1.95805,-11.07774,0.47697,-0.36911,0.43967,-0.57295,0.58496,0.11771,0.03494,-0.02041,
1619103096381134592,-1.94262,-11.07027,0.47364,-0.38755,0.46044,-0.56066,0.56874,0.13094,0.07937,-0.01425,
1619103096481199360,-1.93090,-11.06171,0.47330,-0.39786,0.47148,-0.55003,0.56293,0.14949,0.09275,0.00665,
1619103096547909120,-1.92215,-11.05517,0.47375,-0.40743,0.48049,-0.54403,0.55422,0.14992,0.10961,0.00183,
1619103096647973376,-1.90776,-11.04362,0.47334,-0.41967,0.49063,-0.53356,0.54632,0.17016,0.14728,-0.01174,
1619103096714683392,-1.89695,-11.03497,0.47219,-0.42380,0.49778,-0.52740,0.54264,0.16669,0.15405,-0.01103,
1619103096848103936,-1.87311,-11.01648,0.47187,-0.43554,0.51138,-0.51717,0.53041,0.17896,0.16744,-0.00341,
1619103096914814464,-1.86253,-11.00744,0.47232,-0.44330,0.51728,-0.51371,0.52155,0.16572,0.18127,0.01361,
1619103097014880768,-1.84605,-10.98988,0.47317,-0.44729,0.51841,-0.50877,0.52186,0.18125,0.18093,0.00939,
1619103097114946560,-1.83110,-10.97644,0.47393,-0.45393,0.52486,-0.50497,0.51330,0.15297,0.16875,0.00836,
1619103097248368640,-1.80888,-10.95961,0.47347,-0.46030,0.52856,-0.50092,0.50777,0.20767,0.10437,-0.01122,
1619103097315079936,-1.79797,-10.95709,0.47329,-0.46474,0.53030,-0.50172,0.50107,0.21778,0.09319,-0.00057,
1619103097381873152,-1.78474,-10.95561,0.47339,-0.46453,0.53169,-0.50038,0.50113,0.23662,0.07175,-0.00356,
1619103097515256576,-1.74859,-10.95058,0.47241,-0.46329,0.53179,-0.50031,0.50225,0.29763,0.00260,-0.00902,
1619103097581948416,-1.72550,-10.95081,0.47134,-0.46283,0.53290,-0.49962,0.50219,0.34036,-0.01270,-0.01264,
1619103097681986304,-1.68705,-10.95357,0.47019,-0.46359,0.53363,-0.49743,0.50289,0.40102,-0.03796,-0.00593,
1619103097782022912,-1.64601,-10.96325,0.47122,-0.46833,0.53274,-0.49496,0.50187,0.43035,-0.03545,0.01853,
1619103097915405312,-1.58730,-10.96751,0.47596,-0.47259,0.53432,-0.49026,0.50080,0.42955,-0.03620,0.03629,
1619103098015442176,-1.54347,-10.96829,0.47842,-0.47604,0.53639,-0.48380,0.50160,0.42021,0.00358,0.00305,
1619103098048787200,-1.53436,-10.97930,0.47811,-0.47685,0.53904,-0.48144,0.50027,0.41062,-0.00174,-0.00053,
1619103098148823808,-1.49460,-10.97683,0.47720,-0.48216,0.54539,-0.47635,0.49312,0.39027,0.03891,-0.02154,
1619103098248859136,-1.46236,-10.98575,0.47513,-0.48116,0.55028,-0.47287,0.49201,0.36445,0.02068,0.00435,
1619103098382252800,-1.41858,-10.99206,0.47406,-0.48334,0.55076,-0.47264,0.48954,0.39376,0.04665,-0.01819,
1619103098448940032,-1.39169,-10.98832,0.47292,-0.48265,0.55061,-0.47363,0.48944,0.40107,0.05588,-0.01478,
1619103098548971264,-1.35060,-10.98191,0.47244,-0.48285,0.54817,-0.47691,0.48880,0.42082,0.08522,-0.00303,
1619103098649000960,-1.30747,-10.97193,0.47355,-0.48196,0.54708,-0.48017,0.48770,0.44325,0.12108,0.02560,
1619103098749031424,-1.26796,-10.96844,0.47564,-0.48085,0.54353,-0.48150,0.49144,0.42913,0.12630,0.03299,
1619103098815717376,-1.23875,-10.95903,0.47770,-0.47964,0.54041,-0.48452,0.49310,0.41168,0.12537,0.01605,
1619103098915746304,-1.19934,-10.95543,0.47771,-0.47828,0.53444,-0.49067,0.49483,0.39760,0.11459,0.00345,
1619103099049117440,-1.14764,-10.94051,0.47608,-0.46954,0.53021,-0.49320,0.50513,0.39164,0.08694,-0.01882,
1619103099149146368,-1.10979,-10.94127,0.47466,-0.46738,0.53554,-0.49439,0.50033,0.34774,0.04948,-0.00250,
1619103099282516736,-1.05943,-10.94246,0.47269,-0.46875,0.53478,-0.49878,0.49548,0.38692,0.03450,-0.01289,
1619103099315858432,-1.04592,-10.94193,0.47240,-0.46921,0.53143,-0.49985,0.49757,0.39754,0.02444,-0.00838,
1619103099382544640,-1.01691,-10.94252,0.47050,-0.46910,0.52865,-0.49951,0.50096,0.43875,0.00794,-0.02420,
1619103099482571520,-0.96953,-10.94412,0.46891,-0.46986,0.53141,-0.49993,0.49690,0.47259,-0.02564,0.00385,
1619103099582596864,-0.92047,-10.94820,0.47082,-0.47378,0.52790,-0.49686,0.49999,0.49798,-0.03646,0.03392,
1619103099682622720,-0.86971,-10.95058,0.47524,-0.47764,0.52997,-0.49094,0.49997,0.49442,-0.01238,0.04119,
1619103099782646784,-0.82005,-10.95561,0.47808,-0.47601,0.53568,-0.48697,0.49932,0.45351,-0.04713,0.04960,
1619103099916012800,-0.76241,-10.95823,0.48270,-0.48748,0.53299,-0.48255,0.49541,0.41961,0.02815,0.00140,
1619103100016036864,-0.71927,-10.95703,0.48216,-0.48010,0.53254,-0.48003,0.50545,0.40014,0.02456,-0.00259,
1619103100049377792,-0.70529,-10.95621,0.48105,-0.47921,0.53374,-0.48018,0.50489,0.40080,0.02863,-0.00454,
1619103100182741760,-0.65013,-10.94756,0.47807,-0.48101,0.54205,-0.47681,0.49745,0.41941,0.08889,-0.02179,
1619103100249423616,-0.62213,-10.94153,0.47689,-0.48174,0.54360,-0.47634,0.49551,0.44262,0.10291,-0.01494,
1619103100349434368,-0.57756,-10.92952,0.47593,-0.48215,0.54548,-0.47519,0.49415,0.44696,0.10653,0.01704,
1619103100449459712,-0.53087,-10.91790,0.47801,-0.48303,0.54414,-0.47880,0.49126,0.47727,0.11909,0.04185,
1619103100549485568,-0.48463,-10.90517,0.48374,-0.48025,0.53658,-0.48611,0.49512,0.44368,0.13335,0.06240,
1619103100649509888,-0.44097,-10.88984,0.48891,-0.48403,0.53035,-0.48498,0.49924,0.44462,0.17023,0.03510,
1619103100716193280,-0.41184,-10.87770,0.48989,-0.47968,0.52911,-0.48874,0.50108,0.41471,0.16783,0.02658,
1619103100816217344,-0.37380,-10.86036,0.49110,-0.47899,0.52413,-0.48990,0.50582,0.36857,0.14530,0.00007,
1619103100916240640,-0.33596,-10.84700,0.48884,-0.47247,0.52427,-0.49602,0.50584,0.36352,0.11487,-0.03258,
1619103101016264192,-0.30027,-10.83751,0.48674,-0.47030,0.52211,-0.50050,0.50569,0.34118,0.07204,-0.01547,
1619103101116285952,-0.26318,-10.82916,0.48457,-0.47160,0.52282,-0.50257,0.50167,0.37874,0.09700,-0.03076,
1619103101216308736,-0.21955,-10.82032,0.48173,-0.47488,0.52736,-0.49767,0.49871,0.41776,0.07277,-0.02282,
1619103101316329728,-0.17544,-10.81437,0.48061,-0.47715,0.52757,-0.49565,0.49833,0.45618,0.05361,-0.00775,
1619103101382964992,-0.14375,-10.81111,0.47901,-0.47957,0.52512,-0.49447,0.49976,0.47568,0.04779,-0.01278,
1619103101483003136,-0.09565,-10.80537,0.47703,-0.48769,0.53089,-0.48916,0.49095,0.51166,0.07650,-0.01765,
1619103101583040000,-0.04587,-10.80051,0.47809,-0.47891,0.53631,-0.49008,0.49279,0.46349,0.02289,0.05335,
1619103101683078144,-0.00020,-10.79704,0.48381,-0.48911,0.53456,-0.48121,0.49341,0.42467,0.04529,0.04027,
1619103101783115264,0.04199,-10.79035,0.48407,-0.49155,0.54534,-0.47624,0.48392,0.40499,0.08739,-0.01666,
1619103101883152896,0.07988,-10.78243,0.48334,-0.48977,0.54803,-0.47550,0.48341,0.37585,0.07858,0.00457,
1619103102016536832,0.13555,-10.76624,0.48167,-0.49275,0.55494,-0.46921,0.47862,0.41465,0.13451,-0.00194,
1619103102049881856,0.14965,-10.76198,0.48123,-0.49282,0.55493,-0.46895,0.47881,0.43024,0.14002,-0.00421,
1619103102149920000,0.19716,-10.74771,0.48127,-0.48957,0.54967,-0.47105,0.48610,0.43989,0.13593,0.02166,
1619103102283303424,0.25726,-10.72550,0.48762,-0.49669,0.54136,-0.47026,0.48897,0.45877,0.19684,0.05546,
1619103102383333120,0.30555,-10.70534,0.49272,-0.49099,0.53834,-0.47792,0.49063,0.41270,0.20622,0.05399,
1619103102483374080,0.34639,-10.68258,0.49511,-0.49010,0.53682,-0.47870,0.49241,0.37855,0.22107,0.03051,
1619103102583413760,0.38189,-10.66222,0.49659,-0.48825,0.52616,-0.48107,0.50332,0.36925,0.18963,-0.02049,
1619103102650107392,0.40727,-10.65208,0.49282,-0.47735,0.52241,-0.48785,0.51111,0.38618,0.12419,-0.05725,
1619103102716800768,0.43353,-10.64503,0.48930,-0.46972,0.52939,-0.49588,0.50320,0.30922,0.09267,-0.01731,
1619103102816841472,0.47012,-10.63403,0.48704,-0.47104,0.53078,-0.49267,0.50366,0.36848,0.11895,-0.01341,
1619103102983573760,0.53833,-10.61867,0.48284,-0.47393,0.52964,-0.49033,0.50443,0.44002,0.07234,-0.03212,
1619103103016920576,0.55389,-10.61598,0.48188,-0.47541,0.52908,-0.48969,0.50425,0.46996,0.06662,-0.03164,
1619103103116959744,0.60754,-10.61147,0.47966,-0.47375,0.52294,-0.49442,0.50759,0.55525,0.02696,-0.00500,
1619103103216999424,0.66382,-10.60964,0.48084,-0.48010,0.51641,-0.49462,0.50810,0.56831,0.03202,0.01569,
1619103103283692288,0.70417,-10.60581,0.48112,-0.47746,0.52167,-0.49018,0.50953,0.56988,0.04798,0.02482,
1619103103416912128,0.77360,-10.60049,0.48553,-0.47623,0.51439,-0.48754,0.52048,0.48444,0.02849,0.03221,
1619103103483649536,0.80517,-10.59690,0.48635,-0.47938,0.51864,-0.48330,0.51732,0.45731,0.07314,-0.00590,
1619103103583755264,0.84729,-10.58836,0.48461,-0.47513,0.53084,-0.47808,0.51371,0.38782,0.06590,0.00244,
1619103103683863552,0.88516,-10.58146,0.48406,-0.47311,0.53042,-0.48092,0.51336,0.38377,0.08123,-0.01042,
1619103103783972096,0.92364,-10.57036,0.48227,-0.47083,0.53485,-0.48106,0.51072,0.38051,0.12100,-0.00392,
1619103103884082432,0.96156,-10.55888,0.48342,-0.46977,0.52906,-0.48395,0.51498,0.36547,0.11900,0.00853,
1619103103984192768,0.99784,-10.54472,0.48276,-0.46691,0.52307,-0.48972,0.51824,0.34411,0.16864,-0.01406,
1619103104050934016,1.01878,-10.53083,0.48110,-0.46375,0.52624,-0.49390,0.51387,0.31092,0.19249,0.01766,
1619103104184418304,1.05191,-10.50499,0.48567,-0.46713,0.52108,-0.49551,0.51453,0.22729,0.18435,0.03074,
1619103104251160832,1.06586,-10.49313,0.48684,-0.47223,0.51396,-0.49584,0.51671,0.20530,0.18981,-0.01110,
1619103104351580160,1.08730,-10.47450,0.48546,-0.46618,0.52012,-0.49920,0.51279,0.13441,0.16593,0.00734,
1619103104451599872,1.09932,-10.45599,0.48525,-0.47737,0.52823,-0.49016,0.50283,0.14607,0.20289,-0.01429,
1619103104551620096,1.10912,-10.43658,0.48461,-0.48503,0.53780,-0.48164,0.49350,0.08466,0.19436,-0.00073,
1619103104618299392,1.11271,-10.42352,0.48329,-0.49335,0.54751,-0.47284,0.48298,0.05997,0.21616,0.00269,
1619103104718317568,1.11535,-10.40098,0.48243,0.50912,-0.56319,0.45251,-0.46782,0.02681,0.23874,0.00138,
1619103104818336256,1.11442,-10.37541,0.48196,0.52416,-0.58180,0.42803,-0.45116,-0.00639,0.23578,0.00108,
1619103104918353152,1.11226,-10.35229,0.48113,0.53973,-0.59878,0.40702,-0.42952,-0.02687,0.23474,-0.00470,
1619103105018370304,1.10751,-10.32956,0.48045,0.55545,-0.61512,0.38125,-0.40957,-0.03024,0.20750,-0.00596,
1619103105118385920,1.10473,-10.30852,0.47975,0.56815,-0.63042,0.35960,-0.38789,-0.04043,0.19498,-0.00583,
1619103105218401792,1.09899,-10.28897,0.47833,0.58228,-0.64498,0.33556,-0.36379,-0.06601,0.19055,-0.01862,
1619103105285078528,1.09055,-10.27849,0.47712,0.58994,-0.65566,0.31715,-0.34856,-0.06953,0.19382,-0.02432,
1619103105418406144,1.07684,-10.25315,0.47460,0.60227,-0.67398,0.28488,-0.31916,-0.12015,0.19990,-0.01277,
1619103105518429440,1.06186,-10.23496,0.47392,0.61433,-0.68445,0.26017,-0.29400,-0.14810,0.21481,-0.00849,
1619103105618452736,1.04293,-10.21417,0.47338,0.62355,-0.69297,0.23706,-0.27345,-0.19312,0.24500,-0.00424,
1619103105718474752,1.02019,-10.19125,0.47306,0.63204,-0.69947,0.21742,-0.25299,-0.23554,0.25645,-0.00438,
1619103105785156096,1.00231,-10.17447,0.47236,0.63814,-0.70410,0.20159,-0.23742,-0.26494,0.28425,-0.00849,
1619103105885177856,0.97596,-10.14771,0.47053,0.64424,-0.70813,0.18339,-0.22333,-0.21846,0.29231,-0.01866,
1619103105985198336,0.95709,-10.12442,0.46824,0.64768,-0.70847,0.18127,-0.21383,-0.15122,0.24424,-0.04239,
1619103106085218560,0.94549,-10.10267,0.46400,0.64409,-0.71492,0.17523,-0.20816,-0.09362,0.21352,-0.02897,
1619103106151898624,0.94221,-10.09054,0.46219,0.64569,-0.71398,0.17223,-0.20893,-0.02066,0.24191,-0.02617,
1619103106251917312,0.94286,-10.06817,0.46157,0.64473,-0.71897,0.16753,-0.19834,0.01319,0.25149,0.00093,
1619103106351933440,0.94701,-10.03966,0.46248,0.64797,-0.71737,0.16126,-0.19877,0.07057,0.31321,0.00614,
1619103106485292544,0.96367,-9.99969,0.46253,0.65633,-0.71285,0.15591,-0.19174,0.15442,0.35476,-0.01642,
1619103106585310464,0.98100,-9.96449,0.46222,0.65644,-0.71459,0.15041,-0.18927,0.20700,0.33749,0.02863,
1619103106618650368,0.98901,-9.95655,0.46392,0.65800,-0.71429,0.15089,-0.18454,0.21672,0.34038,0.03951,
1619103106752006656,1.01671,-9.90874,0.46911,0.66038,-0.71477,0.14581,-0.17817,0.19563,0.36665,0.02359,
1619103106818684672,1.03110,-9.88562,0.47010,0.66053,-0.71743,0.13686,-0.17396,0.20131,0.32938,0.00568,
1619103106952039168,1.05767,-9.84531,0.47042,0.66199,-0.71951,0.13331,-0.16219,0.14875,0.28434,-0.01000,
1619103107018716160,1.06806,-9.82977,0.47028,0.66260,-0.72079,0.12988,-0.15669,0.10548,0.28255,-0.01097,
1619103107118730240,1.07882,-9.80322,0.47003,0.66109,-0.72212,0.12705,-0.15923,0.07714,0.28435,-0.01117,
1619103107218744832,1.08600,-9.77222,0.46843,0.66043,-0.72357,0.12524,-0.15684,0.04471,0.35566,-0.01949,
1619103107285420544,1.08924,-9.74758,0.46752,0.65779,-0.72559,0.12496,-0.15881,0.03644,0.39419,-0.00512,
1619103107385249024,1.09582,-9.70573,0.46906,0.66107,-0.72135,0.12735,-0.16254,0.04845,0.43585,0.01755,
1619103107485324544,1.10012,-9.66112,0.47133,0.66278,-0.71881,0.13334,-0.16203,0.03196,0.44481,0.02660,
1619103107585401344,1.10318,-9.61416,0.47320,0.66162,-0.71644,0.14093,-0.17061,0.02664,0.47785,0.02127,
1619103107685480448,1.10786,-9.57163,0.47614,0.65865,-0.71608,0.14924,-0.17646,-0.00348,0.39805,0.03362,
1619103107818921472,1.11611,-9.51820,0.47725,0.66218,-0.70579,0.16494,-0.19021,0.06205,0.39892,-0.01867,
1619103107919003904,1.12802,-9.47988,0.47588,0.65264,-0.71151,0.16886,-0.19826,0.10365,0.34276,-0.01832,
1619103107952365568,1.13417,-9.46707,0.47480,0.65252,-0.71115,0.17062,-0.19843,0.14077,0.36886,-0.02749,
1619103108052450304,1.15092,-9.42570,0.47120,0.64670,-0.71221,0.18036,-0.20494,0.15783,0.41996,-0.04141,
1619103108152538112,1.17047,-9.38224,0.46755,0.64561,-0.71041,0.18377,-0.21147,0.23190,0.44136,-0.02424,
1619103108252626176,1.19533,-9.33712,0.46676,0.64926,-0.70729,0.18161,-0.21267,0.26129,0.45516,0.01039,
1619103108352919552,1.22367,-9.29124,0.47113,0.64688,-0.71157,0.18361,-0.20372,0.26425,0.42930,0.07079,
1619103108452949248,1.24940,-9.24612,0.47600,0.65403,-0.70321,0.18124,-0.21187,0.25903,0.47236,0.02531,
1619103108552979712,1.27544,-9.20327,0.47843,0.65337,-0.70346,0.17867,-0.21523,0.23510,0.39898,0.00839,
1619103108619666176,1.29043,-9.17523,0.47825,0.65263,-0.70513,0.17695,-0.21342,0.20636,0.38873,-0.01220,
1619103108719694848,1.31043,-9.13697,0.47641,0.64536,-0.71022,0.17746,-0.21820,0.19351,0.36667,-0.00944,
1619103108819724032,1.32923,-9.09890,0.47452,0.64453,-0.70869,0.17854,-0.22464,0.17706,0.42461,-0.03340,
1619103108919752192,1.34715,-9.05651,0.47225,0.63755,-0.71447,0.17697,-0.22749,0.19124,0.42597,0.00868,
1619103109053122816,1.37280,-8.99813,0.47554,0.63308,-0.70947,0.19685,-0.23900,0.16549,0.43434,0.04619,
1619103109153150720,1.38671,-8.95067,0.48141,0.62749,-0.70551,0.21395,-0.25048,0.10955,0.45520,0.07566,
1619103109253177600,1.39664,-8.90689,0.48817,0.62820,-0.69515,0.22933,-0.26371,0.11393,0.44893,0.06761,
1619103109319862272,1.40394,-8.87619,0.49130,0.62535,-0.69303,0.23953,-0.26698,0.10443,0.44757,0.04922,
1619103109419879936,1.41268,-8.83509,0.49497,0.62473,-0.68266,0.25023,-0.28475,0.10980,0.38844,0.01764,
1619103109519909376,1.42569,-8.79772,0.49527,0.61488,-0.68290,0.26095,-0.29577,0.13372,0.33000,-0.00554,
1619103109619939584,1.43867,-8.76406,0.49284,0.61378,-0.68351,0.26090,-0.29668,0.15117,0.33110,-0.03691,
1619103109719968256,1.45626,-8.73110,0.48765,0.60919,-0.68579,0.26537,-0.29692,0.20038,0.32059,-0.04048,
1619103109786654208,1.47009,-8.71073,0.48571,0.61105,-0.68237,0.26808,-0.29852,0.21276,0.32096,-0.02871,
1619103109886683392,1.49429,-8.67794,0.48477,0.61537,-0.67956,0.26777,-0.29632,0.26060,0.33183,-0.00074,
1619103109986711040,1.52035,-8.64335,0.48398,0.62171,-0.67630,0.26156,-0.29611,0.29112,0.35102,-0.00385,
1619103110086739200,1.54879,-8.60870,0.48456,0.62324,-0.68015,0.25650,-0.28841,0.30289,0.33753,0.01735,
1619103110153424128,1.56608,-8.58625,0.48526,0.62440,-0.68057,0.25414,-0.28698,0.29598,0.36007,0.01414,
1619103110286793472,1.60022,-8.54293,0.48622,0.63033,-0.68099,0.24022,-0.28501,0.28544,0.35392,-0.01568,
1619103110386808832,1.62609,-8.50965,0.48551,0.62904,-0.68377,0.23865,-0.28251,0.24465,0.31761,-0.00782,
1619103110486839296,1.64779,-8.47219,0.48370,0.62765,-0.68870,0.23236,-0.27886,0.22912,0.38300,-0.00642,
1619103110586868480,1.66976,-8.43261,0.48357,0.63222,-0.68815,0.22414,-0.27659,0.22551,0.42585,-0.00108,
1619103110653554688,1.68229,-8.40380,0.48441,0.63321,-0.68945,0.22240,-0.27249,0.23104,0.44599,0.01385,
1619103110753584128,1.70207,-8.35829,0.48605,0.63519,-0.68968,0.21876,-0.27023,0.23552,0.48811,0.03446,
1619103110853612544,1.72675,-8.31031,0.49082,0.63811,-0.68520,0.22470,-0.26987,0.25668,0.49831,0.04007,
1619103110953641216,1.75014,-8.26253,0.49364,0.63727,-0.68409,0.23262,-0.26794,0.24582,0.49150,0.02060,
1619103111020326400,1.76596,-8.22962,0.49484,0.63525,-0.68200,0.23659,-0.27452,0.23869,0.48690,0.02067,
1619103111120353536,1.78823,-8.18487,0.49690,0.63614,-0.67548,0.24450,-0.28158,0.23893,0.45420,0.00186,
1619103111220380928,1.81085,-8.14118,0.49703,0.63297,-0.68067,0.24337,-0.27714,0.21350,0.41959,-0.00367,
1619103111287065856,1.82563,-8.11221,0.49593,0.63277,-0.68193,0.24154,-0.27609,0.23021,0.43763,-0.01266,
1619103111387078144,1.85056,-8.06913,0.49306,0.63030,-0.68369,0.24096,-0.27790,0.27464,0.43728,-0.04162,
1619103111487109632,1.87865,-8.02680,0.48793,0.63131,-0.68568,0.23937,-0.27200,0.30098,0.43647,-0.07372,
1619103111587139840,1.91164,-7.98162,0.48169,0.62457,-0.69269,0.23722,-0.27168,0.35936,0.43168,-0.03709,
1619103111687171072,1.95054,-7.93831,0.47906,0.62405,-0.69496,0.23536,-0.26871,0.41381,0.41628,0.00218,
1619103111787200768,1.99082,-7.89577,0.48094,0.62508,-0.69540,0.23355,-0.26672,0.39831,0.43306,0.02088,
1619103111887230976,2.03049,-7.85188,0.48413,0.62430,-0.69695,0.22242,-0.27394,0.36461,0.39715,0.05458,
1619103111953917440,2.05301,-7.82470,0.48716,0.63395,-0.69367,0.21435,-0.26644,0.32762,0.42905,0.02599,
1619103112053946368,2.08308,-7.78024,0.48789,0.63115,-0.69715,0.20680,-0.26995,0.25983,0.42452,0.00904,
1619103112153975552,2.10997,-7.73937,0.48868,0.63363,-0.69716,0.20411,-0.26613,0.25723,0.41984,0.00784,
1619103112287347200,2.13955,-7.67816,0.48742,0.63726,-0.69523,0.19911,-0.26629,0.21543,0.50029,-0.02819,
1619103112353958912,2.15551,-7.64488,0.48545,0.63564,-0.69738,0.20154,-0.26270,0.23075,0.49781,-0.01164,
1619103112487359744,2.18424,-7.57884,0.48904,0.63697,-0.69616,0.20741,-0.25808,0.21850,0.51025,0.05393,
1619103112554060800,2.19842,-7.54529,0.49212,0.63461,-0.69520,0.21364,-0.26137,0.22557,0.51593,0.06338,
1619103112620761856,2.21108,-7.51401,0.49700,0.63859,-0.69220,0.21649,-0.25727,0.17488,0.43924,0.05695,
1619103112720813568,2.22993,-7.46815,0.49871,0.64192,-0.68520,0.21779,-0.26645,0.22150,0.43359,-0.00145,
1619103112820866304,2.25241,-7.42800,0.49855,0.63786,-0.68968,0.22054,-0.26237,0.21179,0.37074,0.01219,
1619103112920919040,2.27441,-7.39206,0.49929,0.64308,-0.68735,0.21924,-0.25676,0.21479,0.37995,0.00065,
1619103113020973056,2.29695,-7.35584,0.49850,0.64315,-0.68634,0.21898,-0.25951,0.25424,0.37106,-0.02013,
1619103113121026304,2.32321,-7.31941,0.49622,0.64540,-0.68828,0.21277,-0.25389,0.28591,0.39316,-0.01240,
1619103113221081344,2.35407,-7.28033,0.49640,0.64864,-0.68623,0.20664,-0.25624,0.34415,0.39229,0.02105,
1619103113321135872,2.38874,-7.24425,0.50093,0.65667,-0.68440,0.19926,-0.24633,0.35755,0.39529,0.05293,
1619103113387838976,2.41178,-7.21726,0.50514,0.65671,-0.68810,0.19507,-0.23915,0.31347,0.39473,0.06121,
1619103113485346816,2.43897,-7.18003,0.51118,0.66199,-0.68822,0.18030,-0.23582,0.27454,0.38876,0.07634,
1619103113586488576,2.46401,-7.14316,0.51784,0.67504,-0.68429,0.16520,-0.22083,0.20366,0.36807,0.02358,
1619103113721379072,2.48352,-7.09092,0.51831,0.67533,-0.69569,0.13814,-0.20213,0.11795,0.37560,-0.01081,
1619103113788839168,2.49111,-7.06594,0.51672,0.67701,-0.69550,0.13440,-0.19968,0.11710,0.37727,-0.03370,
1619103113856308992,2.49931,-7.03978,0.51503,0.67628,-0.70053,0.12870,-0.18798,0.10443,0.36676,-0.01131,
1619103113957532160,2.51019,-7.00028,0.51498,0.68068,-0.69996,0.12590,-0.17574,0.09269,0.40474,0.00866,
1619103114058776576,2.51985,-6.96052,0.51774,0.68657,-0.69933,0.11807,-0.16005,0.07971,0.38024,0.04075,
1619103114193804032,2.52704,-6.91052,0.52338,0.69459,-0.69529,0.11196,-0.14687,0.03688,0.39096,0.04262,
1619103114261332224,2.53143,-6.88221,0.52557,0.69664,-0.69649,0.10613,-0.13542,0.00147,0.37609,0.02846,
1619103114362643200,2.53508,-6.84143,0.52687,0.70096,-0.69550,0.09571,-0.12559,-0.00902,0.36464,0.01528,
1619103114434475776,2.53821,-6.81208,0.52688,0.70458,-0.69402,0.09074,-0.11691,-0.02072,0.36836,0.00094,
1619103114534406656,2.54111,-6.77499,0.52654,0.70632,-0.69501,0.08258,-0.10610,0.00259,0.33981,0.01312,
1619103114634336000,2.54571,-6.73631,0.52714,0.70741,-0.69755,0.07327,-0.08735,-0.01459,0.33846,-0.00502,
1619103114734260736,2.54621,-6.69661,0.52590,0.70872,-0.69901,0.06233,-0.07222,-0.01524,0.36271,-0.01870,
1619103114834183936,2.54828,-6.65564,0.52344,0.71087,-0.70022,0.04405,-0.04916,0.01861,0.37918,-0.01690,
1619103114934102528,2.55366,-6.61280,0.52135,0.71456,-0.69863,0.02328,-0.02782,0.07613,0.41413,-0.02233,
1619103115000713472,2.56000,-6.58284,0.51906,0.71407,-0.69979,0.01292,-0.01529,0.10443,0.44004,-0.02256,
1619103115133931520,2.57393,-6.52213,0.51817,0.70742,-0.70647,-0.01956,0.00807,0.10344,0.41377,0.01414,
1619103115200538624,2.58177,-6.49285,0.51947,0.71001,-0.70361,-0.02570,0.01251,0.11615,0.41097,0.02581,
1619103115333748224,2.59469,-6.43890,0.52060,0.71830,-0.69377,-0.04607,0.02463,0.07476,0.37129,-0.01421,
1619103115400256512,2.59918,-6.41343,0.51920,0.72034,-0.69105,-0.05474,0.02377,0.06067,0.37124,-0.02817,
1619103115500187648,2.60428,-6.37008,0.51716,0.71874,-0.69230,-0.05623,0.03102,0.05662,0.40181,-0.01548,
1619103115600114944,2.60600,-6.32964,0.51509,0.71588,-0.69418,-0.06270,0.04126,-0.00983,0.39405,-0.02263,
1619103115700039680,2.60313,-6.28186,0.51350,0.71274,-0.69631,-0.06920,0.04859,-0.02945,0.45509,0.00428,
1619103115766653696,2.60149,-6.24679,0.51408,0.71590,-0.69400,-0.06349,0.04280,-0.02913,0.45811,0.02153,
1619103115866572288,2.59752,-6.19516,0.51601,0.71971,-0.69054,-0.05949,0.04031,-0.04685,0.49770,0.02237,
1619103115966488576,2.59374,-6.13781,0.51783,0.71619,-0.69484,-0.05357,0.03752,-0.05576,0.52925,0.03518,
1619103116066400256,2.58852,-6.08674,0.52049,0.71994,-0.69164,-0.04367,0.03746,-0.07378,0.50212,0.01067,
1619103116199611904,2.58570,-6.01398,0.51849,0.71417,-0.69875,-0.02962,0.02883,-0.00093,0.49332,-0.00903,
1619103116299517440,2.58588,-5.96250,0.51698,0.71414,-0.69840,-0.03133,0.03551,-0.02752,0.47902,-0.02311,
1619103116332817664,2.58596,-5.94030,0.51529,0.71413,-0.69834,-0.03289,0.03549,-0.02418,0.50262,-0.02469,
1619103116465938176,2.58404,-5.87265,0.51220,0.71775,-0.69478,-0.03306,0.03197,-0.01049,0.50520,-0.01128,
1619103116565868288,2.58310,-5.82007,0.51269,0.72229,-0.68958,-0.03942,0.03503,-0.00963,0.53189,0.01743,
1619103116665794304,2.58477,-5.76129,0.51372,0.72332,-0.68768,-0.04976,0.03769,0.03217,0.54424,0.03905,
1619103116732410368,2.58690,-5.72083,0.51603,0.72122,-0.68815,-0.06045,0.05145,0.02817,0.53463,0.03610,
1619103116832332288,2.58905,-5.66392,0.52019,0.72217,-0.68640,-0.06593,0.05452,0.01543,0.51994,0.04853,
1619103116932249856,2.58689,-5.60987,0.52122,0.72141,-0.68569,-0.07379,0.06279,-0.03531,0.51159,-0.01183,
1619103116998860032,2.58431,-5.57701,0.52013,0.71720,-0.69008,-0.07503,0.06151,-0.03637,0.48161,-0.00924,
1619103117098773504,2.57881,-5.52752,0.51839,0.71482,-0.69214,-0.07384,0.06717,-0.07637,0.48132,-0.01215,
1619103117265287168,2.56395,-5.44410,0.51693,0.71308,-0.69379,-0.07413,0.06840,-0.09777,0.49443,0.00906,
1619103117298589440,2.56019,-5.42472,0.51709,0.71567,-0.69169,-0.07088,0.06597,-0.11237,0.49239,0.00807,
1619103117398367744,2.54660,-5.37513,0.51866,0.71623,-0.69107,-0.07118,0.06609,-0.16417,0.49134,0.02352,
1619103117531617280,2.52119,-5.30568,0.52308,0.71466,-0.69433,-0.06437,0.05490,-0.18221,0.51263,0.04492,
1619103117598240000,2.50862,-5.26497,0.52412,0.71492,-0.69437,-0.06208,0.05376,-0.20569,0.49050,0.02828,
1619103117664861696,2.49690,-5.22779,0.52497,0.72191,-0.68809,-0.05807,0.04474,-0.18015,0.50071,-0.00529,
1619103117764791552,2.48311,-5.17597,0.52378,0.71711,-0.69385,-0.05443,0.03702,-0.10665,0.52040,-0.01006,
1619103117864717568,2.47230,-5.12070,0.52056,0.71532,-0.69492,-0.06009,0.04226,-0.11110,0.54892,-0.03580,
1619103117997947904,2.45931,-5.03616,0.51408,0.71770,-0.69320,-0.05757,0.03257,-0.06796,0.63016,-0.04560,
1619103118064561152,2.45556,-4.99395,0.51238,0.71410,-0.69635,-0.06266,0.03503,-0.03929,0.61319,-0.01195,
1619103118164478720,2.45252,-4.93149,0.51179,0.71498,-0.69483,-0.06574,0.04118,-0.04023,0.63362,0.00806,
1619103118264392448,2.44889,-4.86110,0.51537,0.71172,-0.69787,-0.07020,0.03887,-0.04422,0.60260,0.05918,
1619103118364304128,2.44454,-4.80286,0.52106,0.71630,-0.69266,-0.07374,0.04109,-0.06269,0.56720,0.02756,
1619103118463882752,2.43611,-4.74286,0.52213,0.71041,-0.69660,-0.08723,0.04956,-0.09823,0.54916,0.02513,
1619103118563909376,2.42525,-4.68463,0.52512,0.71531,-0.69132,-0.08781,0.05193,-0.13212,0.53399,0.00995,
1619103118630592256,2.41471,-4.64379,0.52485,0.71362,-0.69216,-0.09230,0.05603,-0.17867,0.56104,-0.00678,
1619103118763957504,2.38702,-4.56566,0.52357,0.71585,-0.68990,-0.09382,0.05285,-0.20968,0.57856,-0.00303,
1619103118863979264,2.36626,-4.50809,0.52451,0.71978,-0.68687,-0.08634,0.05169,-0.22252,0.56378,0.01616,
1619103118964001280,2.34277,-4.44517,0.52675,0.71426,-0.69398,-0.07699,0.04794,-0.21950,0.59912,0.04096,
1619103119030681344,2.32862,-4.40935,0.53034,0.71575,-0.69358,-0.06610,0.04768,-0.22319,0.49455,0.06296,
1619103119097361152,2.31219,-4.37262,0.53263,0.72394,-0.68578,-0.06189,0.04221,-0.24105,0.52699,0.02296,
1619103119197379328,2.29169,-4.31936,0.53161,0.72328,-0.68802,-0.05266,0.02705,-0.17944,0.53902,-0.02905,
1619103119297397248,2.27408,-4.26635,0.52921,0.71397,-0.69731,-0.05714,0.02729,-0.18396,0.50945,-0.03639,
1619103119397413120,2.25871,-4.21258,0.52572,0.71118,-0.70067,-0.05099,0.02614,-0.14551,0.52524,-0.02829,
1619103119497551616,2.24467,-4.15638,0.52137,0.71445,-0.69768,-0.04621,0.02588,-0.12602,0.57243,-0.03332,
1619103119630837504,2.22870,-4.07498,0.51754,0.71947,-0.69216,-0.04915,0.02935,-0.08673,0.64665,-0.01400,
1619103119730798848,2.22014,-4.00824,0.51710,0.71787,-0.69324,-0.04944,0.04030,-0.12989,0.67120,0.02927,
1619103119764120064,2.21530,-3.98724,0.51784,0.71487,-0.69585,-0.05409,0.04280,-0.14129,0.64654,0.03289,
1619103119897399808,2.20266,-3.90628,0.52381,0.72193,-0.68897,-0.05027,0.04003,-0.08187,0.57370,0.04602,
1619103119964038912,2.19550,-3.86861,0.52580,0.72306,-0.68693,-0.05686,0.04552,-0.12278,0.58284,0.02141,
1619103120063995392,2.18358,-3.81527,0.52689,0.72357,-0.68670,-0.05877,0.03791,-0.11068,0.53574,0.00207,
1619103120163951104,2.16982,-3.76364,0.52483,0.72139,-0.68897,-0.06150,0.03367,-0.15357,0.53916,-0.00842,
1619103120297222656,2.14605,-3.69166,0.52340,0.72353,-0.68638,-0.06567,0.03287,-0.20332,0.56117,-0.00093,
1619103120363857408,2.13380,-3.65497,0.52420,0.72359,-0.68746,-0.05670,0.02444,-0.17525,0.58731,0.03447,
1619103120463519232,2.11497,-3.59890,0.52837,0.72356,-0.68891,-0.04048,0.01497,-0.22117,0.54975,0.04722,
1619103120563573760,2.09234,-3.54524,0.53132,0.72410,-0.68892,-0.03238,0.00491,-0.21326,0.53475,0.04638,
1619103120630276096,2.07927,-3.50902,0.53364,0.72309,-0.69019,-0.02775,0.00328,-0.20160,0.52162,0.03560,
1619103120730328576,2.06064,-3.45657,0.53454,0.72426,-0.68926,-0.01891,-0.00237,-0.15850,0.52933,0.01292,
1619103120830381312,2.04714,-3.40526,0.53492,0.71860,-0.69519,-0.01744,-0.00471,-0.12794,0.51510,-0.00882,
1619103120930432256,2.03493,-3.35188,0.53179,0.71500,-0.69875,-0.01911,-0.01244,-0.11124,0.53062,-0.02766,
1619103121030483712,2.02543,-3.29776,0.52874,0.71624,-0.69739,-0.01431,-0.02112,-0.08983,0.57504,-0.03805,
1619103121097183744,2.01988,-3.25860,0.52529,0.71821,-0.69526,-0.01443,-0.02395,-0.05467,0.60849,-0.03254,
1619103121230583040,2.01429,-3.17707,0.52597,0.72059,-0.69302,-0.00874,-0.01992,-0.05066,0.61304,0.03742,
1619103121330630912,2.00808,-3.11598,0.53045,0.71924,-0.69429,-0.01050,-0.02346,-0.07167,0.61902,0.05063,
1619103121431044864,2.00384,-3.05624,0.53620,0.72174,-0.69128,-0.00701,-0.03434,-0.04444,0.57048,0.04152,
1619103121497667072,2.00074,-3.01949,0.53606,0.72351,-0.68950,-0.01007,-0.03200,-0.05862,0.56425,0.00253,
1619103121630907136,1.99117,-2.94598,0.53399,0.71476,-0.69843,-0.00768,-0.03539,-0.07415,0.51873,-0.01182,
1619103121730832896,1.98336,-2.89134,0.53259,0.71468,-0.69817,-0.00311,-0.04206,-0.10054,0.56467,-0.01403,
1619103121764141056,1.97873,-2.87362,0.53147,0.71444,-0.69852,-0.00362,-0.04046,-0.12176,0.56962,-0.00473,
1619103121864062464,1.96400,-2.81791,0.53083,0.72028,-0.69247,0.00254,-0.04088,-0.17491,0.59511,-0.02493,
1619103121963981568,1.94614,-2.75691,0.52906,0.70841,-0.70397,0.01022,-0.04984,-0.15936,0.57622,0.02776,
1619103122063896320,1.92835,-2.70524,0.53244,0.71253,-0.70014,0.01939,-0.04155,-0.16533,0.53731,0.04057,
1619103122163809280,1.91390,-2.65416,0.53337,0.70380,-0.70912,0.01553,-0.03957,-0.12988,0.50023,0.01937,
1619103122297020416,1.90031,-2.58392,0.53143,0.70685,-0.70618,0.00942,-0.03981,-0.06890,0.55408,-0.02910,
1619103122363624192,1.89673,-2.54648,0.52738,0.70796,-0.70515,0.00965,-0.03815,-0.04152,0.62125,-0.05038,
1619103122463525888,1.89585,-2.48547,0.52266,0.70877,-0.70466,0.00890,-0.03188,0.01996,0.62946,-0.02419,
1619103122562327808,1.89630,-2.41912,0.52160,0.71398,-0.69968,0.00275,-0.02588,0.00050,0.69931,-0.00027,
1619103122662732800,1.89637,-2.35006,0.52183,0.71335,-0.70018,-0.01125,-0.02757,-0.00210,0.68843,0.02897,
1619103122729673728,1.89773,-2.30607,0.52405,0.71038,-0.70306,-0.02174,-0.02441,0.03063,0.63936,0.07253,
1619103122830089728,1.89958,-2.24451,0.52922,0.71575,-0.69775,-0.02660,-0.01160,-0.01383,0.62699,0.02937,
1619103122930511360,1.89708,-2.18802,0.52908,0.71323,-0.69991,-0.03543,-0.01312,-0.02018,0.58356,-0.00248,
1619103123030940416,1.89843,-2.12955,0.52836,0.71172,-0.70155,-0.03391,-0.01178,0.00153,0.59699,-0.01328,
1619103123097896192,1.89799,-2.09027,0.52756,0.71198,-0.70127,-0.03510,-0.00860,-0.01759,0.58539,-0.01383,
1619103123198334208,1.89417,-2.03339,0.52424,0.71282,-0.70037,-0.03565,-0.01050,-0.06291,0.63518,-0.01223,
1619103123332262144,1.88534,-1.94625,0.52681,0.71298,-0.70039,-0.02936,-0.01589,-0.07710,0.67009,0.04577,
1619103123432715520,1.87590,-1.87654,0.53135,0.71401,-0.69942,-0.02207,-0.02252,-0.10042,0.69824,0.04074,
1619103123501463040,1.87155,-1.82998,0.53329,0.71122,-0.70212,-0.02080,-0.02756,-0.06553,0.64190,0.05218,
1619103123601334272,1.86840,-1.76897,0.53482,0.71732,-0.69613,-0.01518,-0.02487,-0.04249,0.63827,-0.00167,
1619103123667912960,1.86557,-1.72671,0.53431,0.71364,-0.69982,-0.01336,-0.02822,-0.03319,0.61120,-0.00700,
1619103123767777280,1.86366,-1.66657,0.53262,0.71251,-0.70127,-0.01628,-0.01707,-0.05732,0.60212,-0.01667,
1619103123867635456,1.86087,-1.60401,0.53042,0.71507,-0.69870,-0.01530,-0.01600,0.00121,0.63985,-0.02833,
1619103124000773376,1.86219,-1.51910,0.52624,0.72144,-0.69197,-0.02638,0.00165,0.01288,0.64286,-0.01791,
1619103124067339008,1.86333,-1.47631,0.52571,0.72388,-0.68921,-0.03107,0.00432,0.03030,0.66812,0.00964,
1619103124167183872,1.86620,-1.41035,0.53033,0.71808,-0.69461,-0.04078,0.01500,0.03405,0.61763,0.08317,
1619103124300302336,1.87075,-1.33168,0.53848,0.72536,-0.68612,-0.04670,0.03022,0.01048,0.61101,0.00304,
1619103124333580032,1.87088,-1.31413,0.53732,0.72287,-0.68839,-0.05138,0.03050,0.00695,0.60383,-0.01061,
1619103124433411840,1.87213,-1.25786,0.53778,0.72040,-0.69065,-0.05342,0.03434,-0.00157,0.53698,0.00682,
1619103124533108992,1.86941,-1.20235,0.53627,0.72131,-0.68961,-0.05438,0.03469,-0.03297,0.59388,-0.02094,
1619103124632981504,1.86271,-1.14474,0.53375,0.72356,-0.68712,-0.05681,0.03321,-0.09829,0.61830,-0.01357,
1619103124732848128,1.85323,-1.08221,0.53399,0.72636,-0.68403,-0.06102,0.02783,-0.09292,0.64340,0.01791,
1619103124832710912,1.84339,-1.01593,0.53689,0.72640,-0.68419,-0.05781,0.02974,-0.10391,0.70123,0.04551,
1619103124932567808,1.83374,-0.94995,0.54081,0.72601,-0.68603,-0.04379,0.01885,-0.08544,0.67434,0.05563,
1619103124999137024,1.82884,-0.90653,0.54418,0.72713,-0.68536,-0.03737,0.01330,-0.06169,0.62581,0.04282,
1619103125098986752,1.82322,-0.84554,0.54619,0.72918,-0.68368,-0.02786,0.01007,-0.05999,0.62337,0.00449,
1619103125198831104,1.81706,-0.78687,0.54581,0.72487,-0.68829,-0.02542,0.01357,-0.07495,0.56049,-0.01081,
1619103125331949824,1.80916,-0.70984,0.54193,0.72515,-0.68801,-0.02471,0.01378,-0.03590,0.59584,-0.02760,
1619103125398505984,1.80806,-0.67062,0.53988,0.72716,-0.68592,-0.02389,0.01345,0.00045,0.60705,-0.02901,
1619103125498190080,1.80902,-0.60899,0.53655,0.72857,-0.68438,-0.02542,0.01288,0.02247,0.64507,-0.00659,
1619103125631357952,1.80966,-0.52559,0.53883,0.73012,-0.68170,-0.03976,0.02512,-0.02300,0.61707,0.03747,
1619103125664647936,1.80879,-0.50476,0.54033,0.73103,-0.68063,-0.04231,0.02321,-0.02250,0.61216,0.05127,
1619103125764517120,1.80871,-0.44473,0.54348,0.73459,-0.67667,-0.04588,0.01964,-0.01022,0.56285,0.04152,
1619103125864380416,1.80620,-0.39095,0.54594,0.73280,-0.67708,-0.05949,0.03206,-0.03735,0.54395,0.02073,
1619103125964240128,1.80188,-0.34020,0.54702,0.73331,-0.67633,-0.05898,0.03694,-0.06448,0.53046,-0.00346,
1619103126097378048,1.79264,-0.26788,0.54378,0.72994,-0.67992,-0.05778,0.03932,-0.06863,0.54559,-0.01909,
1619103126230507520,1.77916,-0.19479,0.54168,0.72924,-0.68051,-0.06111,0.03726,-0.11906,0.57365,-0.00123,
1619103126263788032,1.77585,-0.17273,0.53986,0.72771,-0.68213,-0.06208,0.03567,-0.11938,0.56807,0.01350,
1619103126363628544,1.76377,-0.11537,0.54325,0.72713,-0.68309,-0.05854,0.03534,-0.14781,0.58598,0.04831,
1619103126463463424,1.74977,-0.05900,0.54784,0.72859,-0.68273,-0.05030,0.02252,-0.13706,0.56888,0.03767,
1619103126563212288,1.73455,-0.00623,0.54968,0.72819,-0.68304,-0.05100,0.02452,-0.15065,0.52191,0.05113,
1619103126629793024,1.72361,0.02918,0.55110,0.73100,-0.68004,-0.04982,0.02653,-0.14483,0.48724,0.03724,
1619103126729658880,1.70884,0.07952,0.55270,0.72823,-0.68282,-0.05078,0.02942,-0.14128,0.50735,0.00827,
1619103126829521152,1.69406,0.12784,0.55199,0.72631,-0.68417,-0.05653,0.03466,-0.11499,0.47878,0.00616,
1619103126929377536,1.68441,0.17654,0.55045,0.72761,-0.68291,-0.05588,0.03315,-0.07064,0.50567,-0.03700,
1619103127029229824,1.67800,0.22904,0.54538,0.72553,-0.68478,-0.05644,0.03863,-0.03559,0.52329,-0.02066,
1619103127162358272,1.67456,0.30240,0.54310,0.73020,-0.68012,-0.05155,0.03994,-0.01263,0.58474,-0.01058,
1619103127195638784,1.67327,0.32221,0.54121,0.72909,-0.68097,-0.05367,0.04272,-0.03035,0.58691,-0.00080,
1619103127328756224,1.66901,0.40066,0.54522,0.72876,-0.67962,-0.06681,0.05062,-0.02772,0.58626,0.04798,
1619103127395312128,1.66627,0.44002,0.54887,0.72796,-0.68043,-0.06937,0.04764,-0.05496,0.54665,0.05886,
1619103127495000576,1.66180,0.49324,0.55050,0.73420,-0.67179,-0.08133,0.05517,-0.04230,0.50629,-0.00470,
